This is LuaHBTeX, Version 1.22.0 (TeX Live 2025)  (format=lualatex 2025.8.15)  9 SEP 2025 10:08
 restricted system commands enabled.
**main.tex
(./main.tex
LaTeX2e <2025-06-01> patch level 1
L3 programming layer <2025-08-13>
Lua module: luaotfload 2024-12-03 v3.29 Lua based OpenType font support
Lua module: lualibs 2023-07-13 v2.76 ConTeXt Lua standard libraries.
Lua module: lualibs-extended 2023-07-13 v2.76 ConTeXt Lua libraries -- extended 
collection.
luaotfload | conf : Root cache directory is "/Users/pstaab/Library/texlive/2025/
texmf-var/luatex-cache/generic/names".
luaotfload | init : Loading fontloader "fontloader-2023-12-28.lua" from kpse-res
olved path "/usr/local/texlive/2025/texmf-dist/tex/luatex/luaotfload/fontloader-
2023-12-28.lua".
Lua-only attribute luaotfload@noligature = 1
luaotfload | init : Context OpenType loader version 3.134
Inserting `luaotfload.node_processor' in `pre_linebreak_filter'.
Inserting `luaotfload.node_processor' in `hpack_filter'.
Inserting `luaotfload.glyph_stream' in `glyph_stream_provider'.
Inserting `luaotfload.define_font' in `define_font'.
Lua-only attribute luaotfload_color_attribute = 2
luaotfload | conf : Root cache directory is "/Users/pstaab/Library/texlive/2025/
texmf-var/luatex-cache/generic/names".
Inserting `luaotfload.harf.strip_prefix' in `find_opentype_file'.
Inserting `luaotfload.harf.strip_prefix' in `find_truetype_file'.
Removing  `luaotfload.glyph_stream' from `glyph_stream_provider'.
Inserting `luaotfload.harf.glyphstream' in `glyph_stream_provider'.
Inserting `luaotfload.harf.finalize_vlist' in `post_linebreak_filter'.
Inserting `luaotfload.harf.finalize_hlist' in `hpack_filter'.
Inserting `luaotfload.cleanup_files' in `wrapup_run'.
Inserting `luaotfload.harf.finalize_unicode' in `finish_pdffile'.
Inserting `luaotfload.glyphinfo' in `glyph_info'.
Lua-only attribute luaotfload.letterspace_done = 3
Inserting `luaotfload.aux.set_sscale_dimens' in `luaotfload.patch_font'.
Inserting `luaotfload.aux.set_font_index' in `luaotfload.patch_font'.
Inserting `luaotfload.aux.patch_cambria_domh' in `luaotfload.patch_font'.
Inserting `luaotfload.aux.fixup_fontdata' in `luaotfload.patch_font_unsafe'.
Inserting `luaotfload.aux.set_capheight' in `luaotfload.patch_font'.
Inserting `luaotfload.aux.set_xheight' in `luaotfload.patch_font'.
Inserting `luaotfload.rewrite_fontname' in `luaotfload.patch_font'.
Inserting `tracingstacklevels' in `input_level_string'. (/usr/local/texlive/202
5/texmf-dist/tex/latex/base/book.cls
Document Class: book 2025/01/22 v1.4n Standard LaTeX document class
(/usr/local/texlive/2025/texmf-dist/tex/latex/base/bk10.clo
File: bk10.clo 2025/01/22 v1.4n Standard LaTeX file (size option)
luaotfload | db : Font names database loaded from /Users/pstaab/Library/texlive/
2025/texmf-var/luatex-cache/generic/names/luaotfload-names.luc.gz)
\c@part=\count273
\c@chapter=\count274
\c@section=\count275
\c@subsection=\count276
\c@subsubsection=\count277
\c@paragraph=\count278
\c@subparagraph=\count279
\c@figure=\count280
\c@table=\count281
\abovecaptionskip=\skip49
\belowcaptionskip=\skip50
\bibindent=\dimen147
)
(/usr/local/texlive/2025/texmf-dist/tex/latex/geometry/geometry.sty
Package: geometry 2020/01/02 v5.9 Page Geometry

(/usr/local/texlive/2025/texmf-dist/tex/latex/graphics/keyval.sty
Package: keyval 2022/05/29 v1.15 key=value parser (DPC)
\KV@toks@=\toks17
)
(/usr/local/texlive/2025/texmf-dist/tex/generic/iftex/ifvtex.sty
Package: ifvtex 2019/10/25 v1.7 ifvtex legacy package. Use iftex instead.

(/usr/local/texlive/2025/texmf-dist/tex/generic/iftex/iftex.sty
Package: iftex 2024/12/12 v1.0g TeX engine tests
))
\Gm@cnth=\count282
\Gm@cntv=\count283
\c@Gm@tempcnt=\count284
\Gm@bindingoffset=\dimen148
\Gm@wd@mp=\dimen149
\Gm@odd@mp=\dimen150
\Gm@even@mp=\dimen151
\Gm@layoutwidth=\dimen152
\Gm@layoutheight=\dimen153
\Gm@layouthoffset=\dimen154
\Gm@layoutvoffset=\dimen155
\Gm@dimlist=\toks18
)
(/usr/local/texlive/2025/texmf-dist/tex/latex/base/ifthen.sty
Package: ifthen 2024/03/16 v1.1e Standard LaTeX ifthen package (DPC)
)
(/usr/local/texlive/2025/texmf-dist/tex/latex/etoolbox/etoolbox.sty
Package: etoolbox 2025/02/11 v2.5l e-TeX tools for LaTeX (JAW)
\etb@tempcnta=\count285
)
(/usr/local/texlive/2025/texmf-dist/tex/generic/iftex/ifxetex.sty
Package: ifxetex 2019/10/25 v0.7 ifxetex legacy package. Use iftex instead.
)
(/usr/local/texlive/2025/texmf-dist/tex/generic/iftex/ifluatex.sty
Package: ifluatex 2019/10/25 v1.5 ifluatex legacy package. Use iftex instead.
)
(/usr/local/texlive/2025/texmf-dist/tex/latex/graphics/graphicx.sty
Package: graphicx 2024/12/31 v1.2e Enhanced LaTeX Graphics (DPC,SPQR)

(/usr/local/texlive/2025/texmf-dist/tex/latex/graphics/graphics.sty
Package: graphics 2024/08/06 v1.4g Standard LaTeX Graphics (DPC,SPQR)

(/usr/local/texlive/2025/texmf-dist/tex/latex/graphics/trig.sty
Package: trig 2023/12/02 v1.11 sin cos tan (DPC)
)
(/usr/local/texlive/2025/texmf-dist/tex/latex/graphics-cfg/graphics.cfg
File: graphics.cfg 2016/06/04 v1.11 sample graphics configuration
)
Package graphics Info: Driver file: luatex.def on input line 106.

(/usr/local/texlive/2025/texmf-dist/tex/latex/graphics-def/luatex.def
File: luatex.def 2024/04/13 v1.2e Graphics/color driver for luatex
))
\Gin@req@height=\dimen156
\Gin@req@width=\dimen157
)
(/usr/local/texlive/2025/texmf-dist/tex/latex/xcolor/xcolor.sty
Package: xcolor 2024/09/29 v3.02 LaTeX color extensions (UK)

(/usr/local/texlive/2025/texmf-dist/tex/latex/graphics-cfg/color.cfg
File: color.cfg 2016/01/02 v1.6 sample color configuration
)
Package xcolor Info: Driver file: luatex.def on input line 274.

(/usr/local/texlive/2025/texmf-dist/tex/latex/graphics/mathcolor.ltx)
Package xcolor Info: Model `cmy' substituted by `cmy0' on input line 1349.
Package xcolor Info: Model `hsb' substituted by `rgb' on input line 1353.
Package xcolor Info: Model `RGB' extended on input line 1365.
Package xcolor Info: Model `HTML' substituted by `rgb' on input line 1367.
Package xcolor Info: Model `Hsb' substituted by `hsb' on input line 1368.
Package xcolor Info: Model `tHsb' substituted by `hsb' on input line 1369.
Package xcolor Info: Model `HSB' substituted by `hsb' on input line 1370.
Package xcolor Info: Model `Gray' substituted by `gray' on input line 1371.
Package xcolor Info: Model `wave' substituted by `hsb' on input line 1372.
)
(/usr/local/texlive/2025/texmf-dist/tex/latex/graphics/dvipsnam.def
File: dvipsnam.def 2016/06/17 v3.0m Driver-dependent file (DPC,SPQR)
)
(/usr/local/texlive/2025/texmf-dist/tex/latex/xcolor/svgnam.def
File: svgnam.def 2024/09/29 v3.02 Predefined colors according to SVG 1.1 (UK)
)
(/usr/local/texlive/2025/texmf-dist/tex/latex/colortbl/colortbl.sty
Package: colortbl 2024/10/29 v1.0k Color table columns (DPC)

(/usr/local/texlive/2025/texmf-dist/tex/latex/tools/array.sty
Package: array 2025/06/08 v2.6j Tabular extension package (FMi)
\col@sep=\dimen158
\ar@mcellbox=\box53
\extrarowheight=\dimen159
\NC@list=\toks19
\extratabsurround=\skip51
\backup@length=\skip52
\ar@cellbox=\box54
)
\everycr=\toks20
\minrowclearance=\skip53
\rownum=\count286
)
(/usr/local/texlive/2025/texmf-dist/tex/latex/tcolorbox/tcolorbox.sty
Package: tcolorbox 2025/07/08 version 6.7.1 text color boxes

(/usr/local/texlive/2025/texmf-dist/tex/latex/pgf/frontendlayer/tikz.sty
(/usr/local/texlive/2025/texmf-dist/tex/latex/pgf/basiclayer/pgf.sty
(/usr/local/texlive/2025/texmf-dist/tex/latex/pgf/utilities/pgfrcs.sty
(/usr/local/texlive/2025/texmf-dist/tex/generic/pgf/utilities/pgfutil-common.te
x
\pgfutil@everybye=\toks21
\pgfutil@tempdima=\dimen160
\pgfutil@tempdimb=\dimen161
)
(/usr/local/texlive/2025/texmf-dist/tex/generic/pgf/utilities/pgfutil-latex.def
\pgfutil@abb=\box55
) (/usr/local/texlive/2025/texmf-dist/tex/generic/pgf/utilities/pgfrcs.code.tex
(/usr/local/texlive/2025/texmf-dist/tex/generic/pgf/pgf.revision.tex)
Package: pgfrcs 2025-08-14 v3.1.11 (3.1.11)
))
Package: pgf 2025-08-14 v3.1.11 (3.1.11)

(/usr/local/texlive/2025/texmf-dist/tex/latex/pgf/basiclayer/pgfcore.sty
(/usr/local/texlive/2025/texmf-dist/tex/latex/pgf/systemlayer/pgfsys.sty
(/usr/local/texlive/2025/texmf-dist/tex/generic/pgf/systemlayer/pgfsys.code.tex
Package: pgfsys 2025-08-14 v3.1.11 (3.1.11)
(/usr/local/texlive/2025/texmf-dist/tex/generic/pgf/utilities/pgfkeys.code.tex
\pgfkeys@pathtoks=\toks22
\pgfkeys@temptoks=\toks23

(/usr/local/texlive/2025/texmf-dist/tex/generic/pgf/utilities/pgfkeyslibraryfil
tered.code.tex
\pgfkeys@tmptoks=\toks24
))
\pgf@x=\dimen162
\pgf@y=\dimen163
\pgf@xa=\dimen164
\pgf@ya=\dimen165
\pgf@xb=\dimen166
\pgf@yb=\dimen167
\pgf@xc=\dimen168
\pgf@yc=\dimen169
\pgf@xd=\dimen170
\pgf@yd=\dimen171
\w@pgf@writea=\write3
\r@pgf@reada=\read2
\c@pgf@counta=\count287
\c@pgf@countb=\count288
\c@pgf@countc=\count289
\c@pgf@countd=\count290
\t@pgf@toka=\toks25
\t@pgf@tokb=\toks26
\t@pgf@tokc=\toks27
\pgf@sys@id@count=\count291

(/usr/local/texlive/2025/texmf-dist/tex/generic/pgf/systemlayer/pgf.cfg
File: pgf.cfg 2025-08-14 v3.1.11 (3.1.11)
)
Driver file for pgf: pgfsys-luatex.def

(/usr/local/texlive/2025/texmf-dist/tex/generic/pgf/systemlayer/pgfsys-luatex.d
ef
File: pgfsys-luatex.def 2025-08-14 v3.1.11 (3.1.11)

(/usr/local/texlive/2025/texmf-dist/tex/generic/pgf/systemlayer/pgfsys-common-p
df.def
File: pgfsys-common-pdf.def 2025-08-14 v3.1.11 (3.1.11)
)))
(/usr/local/texlive/2025/texmf-dist/tex/generic/pgf/systemlayer/pgfsyssoftpath.
code.tex
File: pgfsyssoftpath.code.tex 2025-08-14 v3.1.11 (3.1.11)
\pgfsyssoftpath@smallbuffer@items=\count292
\pgfsyssoftpath@bigbuffer@items=\count293
)
(/usr/local/texlive/2025/texmf-dist/tex/generic/pgf/systemlayer/pgfsysprotocol.
code.tex
File: pgfsysprotocol.code.tex 2025-08-14 v3.1.11 (3.1.11)
))
(/usr/local/texlive/2025/texmf-dist/tex/generic/pgf/basiclayer/pgfcore.code.tex
Package: pgfcore 2025-08-14 v3.1.11 (3.1.11)
(/usr/local/texlive/2025/texmf-dist/tex/generic/pgf/math/pgfmath.code.tex
(/usr/local/texlive/2025/texmf-dist/tex/generic/pgf/math/pgfmathutil.code.tex)
(/usr/local/texlive/2025/texmf-dist/tex/generic/pgf/math/pgfmathparser.code.tex
\pgfmath@dimen=\dimen172
\pgfmath@count=\count294
\pgfmath@box=\box56
\pgfmath@toks=\toks28
\pgfmath@stack@operand=\toks29
\pgfmath@stack@operation=\toks30
)
(/usr/local/texlive/2025/texmf-dist/tex/generic/pgf/math/pgfmathfunctions.code.
tex)
(/usr/local/texlive/2025/texmf-dist/tex/generic/pgf/math/pgfmathfunctions.basic
.code.tex)
(/usr/local/texlive/2025/texmf-dist/tex/generic/pgf/math/pgfmathfunctions.trigo
nometric.code.tex)
(/usr/local/texlive/2025/texmf-dist/tex/generic/pgf/math/pgfmathfunctions.rando
m.code.tex)
(/usr/local/texlive/2025/texmf-dist/tex/generic/pgf/math/pgfmathfunctions.compa
rison.code.tex)
(/usr/local/texlive/2025/texmf-dist/tex/generic/pgf/math/pgfmathfunctions.base.
code.tex)
(/usr/local/texlive/2025/texmf-dist/tex/generic/pgf/math/pgfmathfunctions.round
.code.tex)
(/usr/local/texlive/2025/texmf-dist/tex/generic/pgf/math/pgfmathfunctions.misc.
code.tex)
(/usr/local/texlive/2025/texmf-dist/tex/generic/pgf/math/pgfmathfunctions.integ
erarithmetics.code.tex)
(/usr/local/texlive/2025/texmf-dist/tex/generic/pgf/math/pgfmathcalc.code.tex)
(/usr/local/texlive/2025/texmf-dist/tex/generic/pgf/math/pgfmathfloat.code.tex
\c@pgfmathroundto@lastzeros=\count295
)) (/usr/local/texlive/2025/texmf-dist/tex/generic/pgf/math/pgfint.code.tex)
(/usr/local/texlive/2025/texmf-dist/tex/generic/pgf/basiclayer/pgfcorepoints.co
de.tex
File: pgfcorepoints.code.tex 2025-08-14 v3.1.11 (3.1.11)
\pgf@picminx=\dimen173
\pgf@picmaxx=\dimen174
\pgf@picminy=\dimen175
\pgf@picmaxy=\dimen176
\pgf@pathminx=\dimen177
\pgf@pathmaxx=\dimen178
\pgf@pathminy=\dimen179
\pgf@pathmaxy=\dimen180
\pgf@xx=\dimen181
\pgf@xy=\dimen182
\pgf@yx=\dimen183
\pgf@yy=\dimen184
\pgf@zx=\dimen185
\pgf@zy=\dimen186
)
(/usr/local/texlive/2025/texmf-dist/tex/generic/pgf/basiclayer/pgfcorepathconst
ruct.code.tex
File: pgfcorepathconstruct.code.tex 2025-08-14 v3.1.11 (3.1.11)
\pgf@path@lastx=\dimen187
\pgf@path@lasty=\dimen188
)
(/usr/local/texlive/2025/texmf-dist/tex/generic/pgf/basiclayer/pgfcorepathusage
.code.tex
File: pgfcorepathusage.code.tex 2025-08-14 v3.1.11 (3.1.11)
\pgf@shorten@end@additional=\dimen189
\pgf@shorten@start@additional=\dimen190
)
(/usr/local/texlive/2025/texmf-dist/tex/generic/pgf/basiclayer/pgfcorescopes.co
de.tex
File: pgfcorescopes.code.tex 2025-08-14 v3.1.11 (3.1.11)
\pgfpic=\box57
\pgf@hbox=\box58
\pgf@layerbox@main=\box59
\pgf@picture@serial@count=\count296
)
(/usr/local/texlive/2025/texmf-dist/tex/generic/pgf/basiclayer/pgfcoregraphicst
ate.code.tex
File: pgfcoregraphicstate.code.tex 2025-08-14 v3.1.11 (3.1.11)
\pgflinewidth=\dimen191
)
(/usr/local/texlive/2025/texmf-dist/tex/generic/pgf/basiclayer/pgfcoretransform
ations.code.tex
File: pgfcoretransformations.code.tex 2025-08-14 v3.1.11 (3.1.11)
\pgf@pt@x=\dimen192
\pgf@pt@y=\dimen193
\pgf@pt@temp=\dimen194
)
(/usr/local/texlive/2025/texmf-dist/tex/generic/pgf/basiclayer/pgfcorequick.cod
e.tex
File: pgfcorequick.code.tex 2025-08-14 v3.1.11 (3.1.11)
)
(/usr/local/texlive/2025/texmf-dist/tex/generic/pgf/basiclayer/pgfcoreobjects.c
ode.tex
File: pgfcoreobjects.code.tex 2025-08-14 v3.1.11 (3.1.11)
)
(/usr/local/texlive/2025/texmf-dist/tex/generic/pgf/basiclayer/pgfcorepathproce
ssing.code.tex
File: pgfcorepathprocessing.code.tex 2025-08-14 v3.1.11 (3.1.11)
)
(/usr/local/texlive/2025/texmf-dist/tex/generic/pgf/basiclayer/pgfcorearrows.co
de.tex
File: pgfcorearrows.code.tex 2025-08-14 v3.1.11 (3.1.11)
\pgfarrowsep=\dimen195
)
(/usr/local/texlive/2025/texmf-dist/tex/generic/pgf/basiclayer/pgfcoreshade.cod
e.tex
File: pgfcoreshade.code.tex 2025-08-14 v3.1.11 (3.1.11)
\pgf@max=\dimen196
\pgf@sys@shading@range@num=\count297
\pgf@shadingcount=\count298
)
(/usr/local/texlive/2025/texmf-dist/tex/generic/pgf/basiclayer/pgfcoreimage.cod
e.tex
File: pgfcoreimage.code.tex 2025-08-14 v3.1.11 (3.1.11)
)
(/usr/local/texlive/2025/texmf-dist/tex/generic/pgf/basiclayer/pgfcoreexternal.
code.tex
File: pgfcoreexternal.code.tex 2025-08-14 v3.1.11 (3.1.11)
\pgfexternal@startupbox=\box60
)
(/usr/local/texlive/2025/texmf-dist/tex/generic/pgf/basiclayer/pgfcorelayers.co
de.tex
File: pgfcorelayers.code.tex 2025-08-14 v3.1.11 (3.1.11)
)
(/usr/local/texlive/2025/texmf-dist/tex/generic/pgf/basiclayer/pgfcoretranspare
ncy.code.tex
File: pgfcoretransparency.code.tex 2025-08-14 v3.1.11 (3.1.11)
)
(/usr/local/texlive/2025/texmf-dist/tex/generic/pgf/basiclayer/pgfcorepatterns.
code.tex
File: pgfcorepatterns.code.tex 2025-08-14 v3.1.11 (3.1.11)
)
(/usr/local/texlive/2025/texmf-dist/tex/generic/pgf/basiclayer/pgfcorerdf.code.
tex
File: pgfcorerdf.code.tex 2025-08-14 v3.1.11 (3.1.11)
)))
(/usr/local/texlive/2025/texmf-dist/tex/generic/pgf/modules/pgfmoduleshapes.cod
e.tex
File: pgfmoduleshapes.code.tex 2025-08-14 v3.1.11 (3.1.11)
\pgfnodeparttextbox=\box61
)
(/usr/local/texlive/2025/texmf-dist/tex/generic/pgf/modules/pgfmoduleplot.code.
tex
File: pgfmoduleplot.code.tex 2025-08-14 v3.1.11 (3.1.11)
)
(/usr/local/texlive/2025/texmf-dist/tex/latex/pgf/compatibility/pgfcomp-version
-0-65.sty
Package: pgfcomp-version-0-65 2025-08-14 v3.1.11 (3.1.11)
\pgf@nodesepstart=\dimen197
\pgf@nodesepend=\dimen198
)
(/usr/local/texlive/2025/texmf-dist/tex/latex/pgf/compatibility/pgfcomp-version
-1-18.sty
Package: pgfcomp-version-1-18 2025-08-14 v3.1.11 (3.1.11)
))
(/usr/local/texlive/2025/texmf-dist/tex/latex/pgf/utilities/pgffor.sty
(/usr/local/texlive/2025/texmf-dist/tex/latex/pgf/utilities/pgfkeys.sty
(/usr/local/texlive/2025/texmf-dist/tex/generic/pgf/utilities/pgfkeys.code.tex))
 (/usr/local/texlive/2025/texmf-dist/tex/latex/pgf/math/pgfmath.sty
(/usr/local/texlive/2025/texmf-dist/tex/generic/pgf/math/pgfmath.code.tex))
(/usr/local/texlive/2025/texmf-dist/tex/generic/pgf/utilities/pgffor.code.tex
Package: pgffor 2025-08-14 v3.1.11 (3.1.11)
\pgffor@iter=\dimen199
\pgffor@skip=\dimen256
\pgffor@stack=\toks31
\pgffor@toks=\toks32
))
(/usr/local/texlive/2025/texmf-dist/tex/generic/pgf/frontendlayer/tikz/tikz.cod
e.tex
Package: tikz 2025-08-14 v3.1.11 (3.1.11)

(/usr/local/texlive/2025/texmf-dist/tex/generic/pgf/libraries/pgflibraryplothan
dlers.code.tex
File: pgflibraryplothandlers.code.tex 2025-08-14 v3.1.11 (3.1.11)
\pgf@plot@mark@count=\count299
\pgfplotmarksize=\dimen257
)
\tikz@lastx=\dimen258
\tikz@lasty=\dimen259
\tikz@lastxsaved=\dimen260
\tikz@lastysaved=\dimen261
\tikz@lastmovetox=\dimen262
\tikz@lastmovetoy=\dimen263
\tikzleveldistance=\dimen264
\tikzsiblingdistance=\dimen265
\tikz@figbox=\box62
\tikz@figbox@bg=\box63
\tikz@tempbox=\box64
\tikz@tempbox@bg=\box65
\tikztreelevel=\count300
\tikznumberofchildren=\count301
\tikznumberofcurrentchild=\count302
\tikz@fig@count=\count303

(/usr/local/texlive/2025/texmf-dist/tex/generic/pgf/modules/pgfmodulematrix.cod
e.tex
File: pgfmodulematrix.code.tex 2025-08-14 v3.1.11 (3.1.11)
\pgfmatrixcurrentrow=\count304
\pgfmatrixcurrentcolumn=\count305
\pgf@matrix@numberofcolumns=\count306
)
\tikz@expandcount=\count307

(/usr/local/texlive/2025/texmf-dist/tex/generic/pgf/frontendlayer/tikz/librarie
s/tikzlibrarytopaths.code.tex
File: tikzlibrarytopaths.code.tex 2025-08-14 v3.1.11 (3.1.11)
)))
(/usr/local/texlive/2025/texmf-dist/tex/latex/tools/verbatim.sty
Package: verbatim 2024-01-22 v1.5x LaTeX2e package for verbatim enhancements
\every@verbatim=\toks33
\verbatim@line=\toks34
\verbatim@in@stream=\read3
)
(/usr/local/texlive/2025/texmf-dist/tex/latex/environ/environ.sty
Package: environ 2014/05/04 v0.3 A new way to define environments

(/usr/local/texlive/2025/texmf-dist/tex/latex/trimspaces/trimspaces.sty
Package: trimspaces 2009/09/17 v1.1 Trim spaces around a token list
)
\@envbody=\toks35
)
\tcb@titlebox=\box66
\tcb@upperbox=\box67
\tcb@lowerbox=\box68
\tcb@phantombox=\box69
\c@tcbbreakpart=\count308
\c@tcblayer=\count309
\c@tcolorbox@number=\count310
\l__tcobox_tmpa_box=\box70
\l__tcobox_tmpa_dim=\dimen266
\tcb@temp=\box71
\tcb@temp=\box72
\tcb@temp=\box73
\tcb@temp=\box74
)
(/usr/local/texlive/2025/texmf-dist/tex/latex/tcolorbox/tcbskins.code.tex
Library (tcolorbox): 'tcbskins.code.tex' version '6.7.1'
(/usr/local/texlive/2025/texmf-dist/tex/latex/tikzfill/tikzfill.image.sty
Package: tikzfill.image 2023/08/08 v1.0.1 Image filling library for TikZ

(/usr/local/texlive/2025/texmf-dist/tex/latex/tikzfill/tikzfill-common.sty
Package: tikzfill-common 2023/08/08 v1.0.1 Auxiliary code for tikzfill
)
(/usr/local/texlive/2025/texmf-dist/tex/latex/tikzfill/tikzlibraryfill.image.co
de.tex
File: tikzlibraryfill.image.code.tex 2023/08/08 v1.0.1 Image filling library
\l__tikzfill_img_box=\box75
))
(/usr/local/texlive/2025/texmf-dist/tex/latex/tcolorbox/tcbskinsjigsaw.code.tex
Library (tcolorbox): 'tcbskinsjigsaw.code.tex' version '6.7.1'
))
(/usr/local/texlive/2025/texmf-dist/tex/latex/tcolorbox/tcbbreakable.code.tex
Library (tcolorbox): 'tcbbreakable.code.tex' version '6.7.1'
(/usr/local/texlive/2025/texmf-dist/tex/latex/pdfcol/pdfcol.sty
Package: pdfcol 2022-09-21 v1.7 Handle new color stacks for pdfTeX (HO)

(/usr/local/texlive/2025/texmf-dist/tex/generic/ltxcmds/ltxcmds.sty
Package: ltxcmds 2023-12-04 v1.26 LaTeX kernel commands for general use (HO)
)
(/usr/local/texlive/2025/texmf-dist/tex/generic/infwarerr/infwarerr.sty
Package: infwarerr 2019/12/03 v1.5 Providing info/warning/error messages (HO)
))
Package pdfcol Info: New color stack `tcb@breakable' = 1 on input line 23.
\tcb@testbox=\box76
\tcb@totalupperbox=\box77
\tcb@totallowerbox=\box78
)
(/usr/local/texlive/2025/texmf-dist/tex/latex/tcolorbox/tcbraster.code.tex
Library (tcolorbox): 'tcbraster.code.tex' version '6.7.1'
\c@tcbrastercolumn=\count311
\c@tcbrasterrow=\count312
\c@tcbrasternum=\count313
\c@tcbraster=\count314
) (/usr/local/texlive/2025/texmf-dist/tex/latex/tcolorbox/tcbxparse.code.tex
Library (tcolorbox): 'tcbxparse.code.tex' version '6.7.1'
(/usr/local/texlive/2025/texmf-dist/tex/latex/l3packages/xparse/xparse.sty
(/usr/local/texlive/2025/texmf-dist/tex/latex/l3kernel/expl3.sty
Package: expl3 2025-08-13 L3 programming layer (loader) 

(/usr/local/texlive/2025/texmf-dist/tex/latex/l3backend/l3backend-luatex.def
File: l3backend-luatex.def 2025-06-09 L3 backend support: PDF output (LuaTeX)
\l__color_backend_stack_int=\count315
Inserting `l3color' in `luaotfload.parse_color'.))
Package: xparse 2024-08-16 L3 Experimental document command parser
))
(/usr/local/texlive/2025/texmf-dist/tex/generic/pgf/frontendlayer/tikz/librarie
s/tikzlibrarycalc.code.tex
File: tikzlibrarycalc.code.tex 2025-08-14 v3.1.11 (3.1.11)
)
(/usr/local/texlive/2025/texmf-dist/tex/latex/tcolorbox/tcbhooks.code.tex
Library (tcolorbox): 'tcbhooks.code.tex' version '6.7.1'
)
\normalparindent=\skip54
\normalparskip=\skip55
 (/usr/local/texlive/2025/texmf-dist/tex/latex/realscripts/realscripts.sty
Package: realscripts 2016/02/13 v0.3d Access OpenType subscripts and superscrip
ts

(/usr/local/texlive/2025/texmf-dist/tex/latex/fontspec/fontspec.sty
Package: fontspec 2024/05/11 v2.9e Font selection for XeLaTeX and LuaLaTeX
Lua module: fontspec 2024/05/11 v2.9e Font selection for XeLaTeX and LuaLaTeX
(/usr/local/texlive/2025/texmf-dist/tex/latex/fontspec/fontspec-luatex.sty
Package: fontspec-luatex 2024/05/11 v2.9e Font selection for XeLaTeX and LuaLaT
eX
\l__fontspec_script_int=\count316
\l__fontspec_language_int=\count317
\l__fontspec_strnum_int=\count318
\l__fontspec_tmp_int=\count319
\l__fontspec_tmpa_int=\count320
\l__fontspec_tmpb_int=\count321
\l__fontspec_tmpc_int=\count322
\l__fontspec_em_int=\count323
\l__fontspec_emdef_int=\count324
\l__fontspec_strong_int=\count325
\l__fontspec_strongdef_int=\count326
\l__fontspec_tmpa_dim=\dimen267
\l__fontspec_tmpb_dim=\dimen268
\l__fontspec_tmpc_dim=\dimen269

(/usr/local/texlive/2025/texmf-dist/tex/latex/base/fontenc.sty
Package: fontenc 2024/12/21 v2.1c Standard LaTeX package
)
(/usr/local/texlive/2025/texmf-dist/tex/latex/fontspec/fontspec.cfg)))
\subsupersep=\dimen270
)
(/usr/local/texlive/2025/texmf-dist/tex/latex/inconsolata/zi4.sty
Package: zi4 2019/05/17 v1.12

`inconsolata-zi4' v1.12, 2019/05/17 Text macros for Inconsolata (msharpe)
(/usr/local/texlive/2025/texmf-dist/tex/latex/base/textcomp.sty
Package: textcomp 2024/04/24 v2.1b Standard LaTeX package
)
(/usr/local/texlive/2025/texmf-dist/tex/latex/xkeyval/xkeyval.sty
Package: xkeyval 2022/06/16 v2.9 package option processing (HA)

(/usr/local/texlive/2025/texmf-dist/tex/generic/xkeyval/xkeyval.tex
(/usr/local/texlive/2025/texmf-dist/tex/generic/xkeyval/xkvutils.tex
\XKV@toks=\toks36
\XKV@tempa@toks=\toks37
)
\XKV@depth=\count327
File: xkeyval.tex 2014/12/03 v2.7a key=value parser (HA)
))
\zifour@ocount=\count328
)

Package fontspec Info: 
(fontspec)             Font family 'Inconsolatazi4-Regular.otf(0)' created for
(fontspec)             font 'Inconsolatazi4-Regular.otf' with options
(fontspec)             [WordSpace={1,0,0},HyphenChar=None,PunctuationSpace=Word
Space,BoldFont=Inconsolatazi4-Bold.otf,StylisticSet={1,3}].
(fontspec)              
(fontspec)              This font family consists of the following NFSS
(fontspec)             series/shapes:
(fontspec)              
(fontspec)             - 'normal' (m/n) with NFSS spec.:
(fontspec)             <->"[Inconsolatazi4-Regular.otf]:mode=node;script=latn;l
anguage=dflt;+ss01;+ss03;"
(fontspec)             - 'bold' (b/n) with NFSS spec.:
(fontspec)             <->"[Inconsolatazi4-Bold.otf]:mode=node;script=latn;lang
uage=dflt;+ss01;+ss03;"


(/usr/local/texlive/2025/texmf-dist/tex/latex/polyglossia/polyglossia.sty
Package: polyglossia 2025/06/30 v2.6 Modern multilingual typesetting with XeLaT
eX and LuaLaTeX
Lua module: polyglossia 2013/05/11 v1.3 Polyglossia
\l_xpg_alias_keyvals_int=\count329

(/usr/local/texlive/2025/texmf-dist/tex/latex/polyglossia/gloss-latex.ldf
File: gloss-latex.ldf polyglossia: module for default language
)

Package polyglossia Info: Setting LuaTeX font renderer to Harfbuzz

)
(/usr/local/texlive/2025/texmf-dist/tex/latex/polyglossia/gloss-english.ldf
File: gloss-english.ldf polyglossia: module for English
Module polyglossia Info: Language data for usenglishmax
(polyglossia)            hyphenation	hyph-en-us.hyp.txt
(polyglossia)            lefthyphenmin	2
(polyglossia)            loader	loadhyph-en-us.tex
(polyglossia)            patterns	hyph-en-us.pat.txt
(polyglossia)            righthyphenmin	3
(polyglossia)            synonyms	 on input line 129
Module polyglossia Info: Language usenglishmax was not yet loaded; created with 
id 2 on input line 129
)

Package polyglossia Info: Default language is english


(/usr/local/texlive/2025/texmf-dist/tex/latex/microtype/microtype.sty
Package: microtype 2025/07/09 v3.2b Micro-typographical refinements (RS)
\MT@toks=\toks38
\MT@tempbox=\box79
\MT@count=\count330
LaTeX Info: Redefining \noprotrusionifhmode on input line 1087.
LaTeX Info: Redefining \leftprotrusion on input line 1088.
\MT@prot@toks=\toks39
LaTeX Info: Redefining \rightprotrusion on input line 1107.
LaTeX Info: Redefining \textls on input line 1449.
\MT@outer@kern=\dimen271
LaTeX Info: Redefining \microtypecontext on input line 2053.
LaTeX Info: Redefining \textmicrotypecontext on input line 2070.
\MT@listname@count=\count331

(/usr/local/texlive/2025/texmf-dist/tex/latex/microtype/microtype-luatex.def
File: microtype-luatex.def 2025/07/09 v3.2b Definitions specific to luatex (RS)

Lua module: microtype 2025/07/09 v3.2b microtype module.
Module microtype Info: overwriting function `keepligature' on input line 63
LaTeX Info: Redefining \lsstyle on input line 779.
LaTeX Info: Redefining \lslig on input line 779.
\MT@outer@space=\skip56
)
Package microtype Info: Loading configuration file microtype.cfg.

(/usr/local/texlive/2025/texmf-dist/tex/latex/microtype/microtype.cfg
File: microtype.cfg 2025/07/09 v3.2b microtype main configuration file (RS)
)
LaTeX Info: Redefining \microtypesetup on input line 3065.
)
(/usr/local/texlive/2025/texmf-dist/tex/latex/amsmath/amsmath.sty
Package: amsmath 2025/06/16 v2.17y AMS math features
\@mathmargin=\skip57

For additional information on amsmath, use the `?' option.
(/usr/local/texlive/2025/texmf-dist/tex/latex/amsmath/amstext.sty
Package: amstext 2024/11/17 v2.01 AMS text

(/usr/local/texlive/2025/texmf-dist/tex/latex/amsmath/amsgen.sty
File: amsgen.sty 1999/11/30 v2.0 generic functions
\@emptytoks=\toks40
\ex@=\dimen272
))
(/usr/local/texlive/2025/texmf-dist/tex/latex/amsmath/amsbsy.sty
Package: amsbsy 1999/11/29 v1.2d Bold Symbols
\pmbraise@=\dimen273
)
(/usr/local/texlive/2025/texmf-dist/tex/latex/amsmath/amsopn.sty
Package: amsopn 2022/04/08 v2.04 operator names
)
\inf@bad=\count332
LaTeX Info: Redefining \frac on input line 235.
\uproot@=\count333
\leftroot@=\count334
LaTeX Info: Redefining \overline on input line 398.
LaTeX Info: Redefining \colon on input line 409.
\classnum@=\count335
\DOTSCASE@=\count336
LaTeX Info: Redefining \ldots on input line 495.
LaTeX Info: Redefining \dots on input line 498.
LaTeX Info: Redefining \cdots on input line 619.
\Mathstrutbox@=\box80
\strutbox@=\box81
LaTeX Info: Redefining \big on input line 721.
LaTeX Info: Redefining \Big on input line 722.
LaTeX Info: Redefining \bigg on input line 723.
LaTeX Info: Redefining \Bigg on input line 724.
\big@size=\dimen274
LaTeX Font Info:    Redeclaring font encoding OML on input line 742.
LaTeX Font Info:    Redeclaring font encoding OMS on input line 743.
\macc@depth=\count337
LaTeX Info: Redefining \bmod on input line 904.
LaTeX Info: Redefining \pmod on input line 909.
LaTeX Info: Redefining \smash on input line 939.
LaTeX Info: Redefining \relbar on input line 969.
LaTeX Info: Redefining \Relbar on input line 970.
\c@MaxMatrixCols=\count338
\dotsspace@=\muskip17
\c@parentequation=\count339
\dspbrk@lvl=\count340
\tag@help=\toks41
\row@=\count341
\column@=\count342
\maxfields@=\count343
\andhelp@=\toks42
\eqnshift@=\dimen275
\alignsep@=\dimen276
\tagshift@=\dimen277
\tagwidth@=\dimen278
\totwidth@=\dimen279
\lineht@=\dimen280
\@envbody=\toks43
\multlinegap=\skip58
\multlinetaggap=\skip59
\mathdisplay@stack=\toks44
LaTeX Info: Redefining \[ on input line 2949.
LaTeX Info: Redefining \] on input line 2950.
)
(/usr/local/texlive/2025/texmf-dist/tex/latex/amsmath/amscd.sty
Package: amscd 2017/04/14 v2.1 AMS Commutative Diagrams
\athelp@=\toks45
\minaw@=\dimen281
\bigaw@=\dimen282
\minCDarrowwidth=\dimen283
)
(/usr/local/texlive/2025/texmf-dist/tex/latex/amsfonts/amssymb.sty
Package: amssymb 2013/01/14 v3.01 AMS font symbols

(/usr/local/texlive/2025/texmf-dist/tex/latex/amsfonts/amsfonts.sty
Package: amsfonts 2013/01/14 v3.01 Basic AMSFonts support
\symAMSa=\mathgroup4
\symAMSb=\mathgroup5
LaTeX Font Info:    Redeclaring math symbol \hbar on input line 98.
LaTeX Font Info:    Overwriting math alphabet `\mathfrak' in version `bold'
(Font)                  U/euf/m/n --> U/euf/b/n on input line 106.
))
(/usr/local/texlive/2025/texmf-dist/tex/latex/titlesec/titlesec.sty
Package: titlesec 2025/01/04 v2.17 Sectioning titles
\ttl@box=\box82
\beforetitleunit=\skip60
\aftertitleunit=\skip61
\ttl@plus=\dimen284
\ttl@minus=\dimen285
\ttl@toksa=\toks46
\titlewidth=\dimen286
\titlewidthlast=\dimen287
\titlewidthfirst=\dimen288

(/usr/local/texlive/2025/texmf-dist/tex/latex/titlesec/titleps.sty))
(/usr/local/texlive/2025/texmf-dist/tex/latex/titlesec/titletoc.sty
Package: titletoc 2025/01/04 v2.17 TOC entries
\ttl@leftsep=\dimen289
)
\Oldarrayrulewidth=\skip62

(/usr/local/texlive/2025/texmf-dist/tex/latex/tcolorbox/tcblistings.code.tex
Library (tcolorbox): 'tcblistings.code.tex' version '6.7.1'
(/usr/local/texlive/2025/texmf-dist/tex/latex/listings/listings.sty
\lst@mode=\count344
\lst@gtempboxa=\box83
\lst@token=\toks47
\lst@length=\count345
\lst@currlwidth=\dimen290
\lst@column=\count346
\lst@pos=\count347
\lst@lostspace=\dimen291
\lst@width=\dimen292
\lst@newlines=\count348
\lst@lineno=\count349
\lst@maxwidth=\dimen293

(/usr/local/texlive/2025/texmf-dist/tex/latex/listings/lstpatch.sty
File: lstpatch.sty 2024/09/23 1.10c (Carsten Heinz)
)
(/usr/local/texlive/2025/texmf-dist/tex/latex/listings/lstmisc.sty
File: lstmisc.sty 2024/09/23 1.10c (Carsten Heinz)
\c@lstnumber=\count350
\lst@skipnumbers=\count351
\lst@framebox=\box84
)
(/usr/local/texlive/2025/texmf-dist/tex/latex/listings/listings.cfg
File: listings.cfg 2024/09/23 1.10c listings configuration
))
Package: listings 2024/09/23 1.10c (Carsten Heinz)

(/usr/local/texlive/2025/texmf-dist/tex/latex/tcolorbox/tcblistingscore.code.te
x
Library (tcolorbox): 'tcblistingscore.code.tex' version '6.7.1'
(/usr/local/texlive/2025/texmf-dist/tex/latex/tcolorbox/tcbprocessing.code.tex
Library (tcolorbox): 'tcbprocessing.code.tex' version '6.7.1'
)
\c@tcblisting=\count352
)) (/usr/local/texlive/2025/texmf-dist/tex/latex/fancyvrb/fancyvrb.sty
Package: fancyvrb 2025/07/28 4.6 verbatim text (tvz,hv)
\FV@CodeLineNo=\count353
\FV@InFile=\read4
\FV@TabBox=\box85
\c@FancyVerbLine=\count354
\FV@StepNumber=\count355
\FV@OutFile=\write4
)
(/usr/local/texlive/2025/texmf-dist/tex/latex/enumitem/enumitem.sty
Package: enumitem 2025/02/06 v3.11 Customized lists
\labelindent=\skip63
\enit@outerparindent=\dimen294
\enit@toks=\toks48
\enit@inbox=\box86
\enit@count@id=\count356
\enitdp@description=\count357
)
\dlititlewidth=\skip64
\dlimaxnarrowtitle=\skip65
\dlimaxmediumtitle=\skip66
\dlimaxwidetitle=\skip67

(/usr/local/texlive/2025/texmf-dist/tex/latex/hyperref/hyperref.sty
Package: hyperref 2025-07-12 v7.01o Hypertext links for LaTeX

(/usr/local/texlive/2025/texmf-dist/tex/latex/kvsetkeys/kvsetkeys.sty
Package: kvsetkeys 2022-10-05 v1.19 Key value parser (HO)
)
(/usr/local/texlive/2025/texmf-dist/tex/generic/kvdefinekeys/kvdefinekeys.sty
Package: kvdefinekeys 2019-12-19 v1.6 Define keys (HO)
)
(/usr/local/texlive/2025/texmf-dist/tex/generic/pdfescape/pdfescape.sty
Package: pdfescape 2019/12/09 v1.15 Implements pdfTeX's escape features (HO)

(/usr/local/texlive/2025/texmf-dist/tex/generic/pdftexcmds/pdftexcmds.sty
Package: pdftexcmds 2020-06-27 v0.33 Utility functions of pdfTeX for LuaTeX (HO
)
Package pdftexcmds Info: \pdf@primitive is available.
Package pdftexcmds Info: \pdf@ifprimitive is available.
Package pdftexcmds Info: \pdfdraftmode found.
\pdftexcmds@toks=\toks49
))
(/usr/local/texlive/2025/texmf-dist/tex/latex/hycolor/hycolor.sty
Package: hycolor 2020-01-27 v1.10 Color options for hyperref/bookmark (HO)
)
(/usr/local/texlive/2025/texmf-dist/tex/latex/hyperref/nameref.sty
Package: nameref 2025-06-21 v2.57 Cross-referencing by name of section

(/usr/local/texlive/2025/texmf-dist/tex/latex/refcount/refcount.sty
Package: refcount 2019/12/15 v3.6 Data extraction from label references (HO)
)
(/usr/local/texlive/2025/texmf-dist/tex/generic/gettitlestring/gettitlestring.s
ty
Package: gettitlestring 2019/12/15 v1.6 Cleanup title references (HO)
 (/usr/local/texlive/2025/texmf-dist/tex/latex/kvoptions/kvoptions.sty
Package: kvoptions 2022-06-15 v3.15 Key value format for package options (HO)
))
\c@section@level=\count358
)
(/usr/local/texlive/2025/texmf-dist/tex/generic/stringenc/stringenc.sty
Package: stringenc 2019/11/29 v1.12 Convert strings between diff. encodings (HO
)
)
\@linkdim=\dimen295
\Hy@linkcounter=\count359
\Hy@pagecounter=\count360

(/usr/local/texlive/2025/texmf-dist/tex/latex/hyperref/pd1enc.def
File: pd1enc.def 2025-07-12 v7.01o Hyperref: PDFDocEncoding definition (HO)
)
(/usr/local/texlive/2025/texmf-dist/tex/generic/intcalc/intcalc.sty
Package: intcalc 2019/12/15 v1.3 Expandable calculations with integers (HO)
)
\Hy@SavedSpaceFactor=\count361

(/usr/local/texlive/2025/texmf-dist/tex/latex/hyperref/puenc.def
File: puenc.def 2025-07-12 v7.01o Hyperref: PDF Unicode definition (HO)
)
Package hyperref Info: Option `hyperfootnotes' set `false' on input line 4066.
Package hyperref Info: Hyper figures OFF on input line 4195.
Package hyperref Info: Link nesting OFF on input line 4200.
Package hyperref Info: Hyper index ON on input line 4203.
Package hyperref Info: Plain pages OFF on input line 4210.
Package hyperref Info: Backreferencing OFF on input line 4215.
Package hyperref Info: Implicit mode ON; LaTeX internals redefined.
Package hyperref Info: Bookmarks ON on input line 4462.
\c@Hy@tempcnt=\count362

(/usr/local/texlive/2025/texmf-dist/tex/latex/url/url.sty
\Urlmuskip=\muskip18
Package: url 2013/09/16  ver 3.4  Verb mode for urls, etc.
)
LaTeX Info: Redefining \url on input line 4801.
\XeTeXLinkMargin=\dimen296

(/usr/local/texlive/2025/texmf-dist/tex/generic/bitset/bitset.sty
Package: bitset 2019/12/09 v1.3 Handle bit-vector datatype (HO)

(/usr/local/texlive/2025/texmf-dist/tex/generic/bigintcalc/bigintcalc.sty
Package: bigintcalc 2019/12/15 v1.5 Expandable calculations on big integers (HO
)
))
\Fld@menulength=\count363
\Field@Width=\dimen297
\Fld@charsize=\dimen298
Package hyperref Info: Hyper figures OFF on input line 6078.
Package hyperref Info: Link nesting OFF on input line 6083.
Package hyperref Info: Hyper index ON on input line 6086.
Package hyperref Info: backreferencing OFF on input line 6093.
Package hyperref Info: Link coloring OFF on input line 6098.
Package hyperref Info: Link coloring with OCG OFF on input line 6103.
Package hyperref Info: PDF/A mode OFF on input line 6108.
\Hy@abspage=\count364
\c@Item=\count365
)
Package hyperref Info: Driver (autodetected): hluatex.

(/usr/local/texlive/2025/texmf-dist/tex/latex/hyperref/hluatex.def
File: hluatex.def 2025-07-12 v7.01o Hyperref driver for luaTeX
\Fld@listcount=\count366
\c@bookmark@seq@number=\count367

(/usr/local/texlive/2025/texmf-dist/tex/latex/rerunfilecheck/rerunfilecheck.sty
Package: rerunfilecheck 2025-06-21 v1.11 Rerun checks for auxiliary files (HO)

(/usr/local/texlive/2025/texmf-dist/tex/generic/uniquecounter/uniquecounter.sty
Package: uniquecounter 2019/12/15 v1.4 Provide unlimited unique counter (HO)
)
Package uniquecounter Info: New unique counter `rerunfilecheck' on input line 2
84.
)
\Hy@SectionHShift=\skip68
)
Package hyperref Info: Option `colorlinks' set `true' on input line 550.
Package hyperref Info: Option `hypertexnames' set `false' on input line 553.
\c@tcb@cnt@block=\count368
\c@tcb@cnt@project-distinct=\count369
\c@tcb@cnt@subdisplay=\count370
 (/usr/local/texlive/2025/texmf-dist/tex/latex/pgfplots/pgfplots.sty
(/usr/local/texlive/2025/texmf-dist/tex/generic/pgfplots/pgfplots.revision.tex)
Package: pgfplots 2021/05/15 v1.18.1 Data Visualization (1.18.1)
(/usr/local/texlive/2025/texmf-dist/tex/generic/pgfplots/pgfplots.code.tex
(/usr/local/texlive/2025/texmf-dist/tex/generic/pgfplots/pgfplotscore.code.tex
Package pgfplots info on input line 124: Initializing with LUA version Lua 5.3
\pgfplots@luabackend@table=\catcodetable14
\t@pgfplots@toka=\toks50
\t@pgfplots@tokb=\toks51
\t@pgfplots@tokc=\toks52
\pgfplots@tmpa=\dimen299
\c@pgfplots@coordindex=\count371
\c@pgfplots@scanlineindex=\count372

(/usr/local/texlive/2025/texmf-dist/tex/generic/pgfplots/sys/pgfplotssysgeneric
.code.tex))
(/usr/local/texlive/2025/texmf-dist/tex/generic/pgfplots/libs/pgfplotslibrary.c
ode.tex)
(/usr/local/texlive/2025/texmf-dist/tex/generic/pgfplots/oldpgfcompatib/pgfplot
soldpgfsupp_loader.code.tex
(/usr/local/texlive/2025/texmf-dist/tex/generic/pgf/libraries/pgflibraryfpu.cod
e.tex)
Package pgfplots: loading complementary utilities for your pgf version...
\t@pgf@toka=\toks53
\t@pgf@tokb=\toks54
\t@pgf@tokc=\toks55

(/usr/local/texlive/2025/texmf-dist/tex/generic/pgfplots/oldpgfcompatib/pgfplot
soldpgfsupp_pgfutil-common-lists.tex)
(/usr/local/texlive/2025/texmf-dist/tex/generic/pgf/libraries/luamath/pgflibrar
yluamath.code.tex)
Package pgfplots info on input line 290: luamath library shipped with pgf 3.1.1
1 is up-to-date
)
(/usr/local/texlive/2025/texmf-dist/tex/generic/pgfplots/util/pgfplotsutil.code
.tex
Package pgfplots info on input line 82: Found new luatex: initializing lua comm
ands instead of write18 (shell-escape)

(/usr/local/texlive/2025/texmf-dist/tex/generic/pgfplots/liststructure/pgfplots
liststructure.code.tex)
(/usr/local/texlive/2025/texmf-dist/tex/generic/pgfplots/liststructure/pgfplots
liststructureext.code.tex)
(/usr/local/texlive/2025/texmf-dist/tex/generic/pgfplots/liststructure/pgfplots
array.code.tex
\c@pgfplotsarray@tmp=\count373
)
(/usr/local/texlive/2025/texmf-dist/tex/generic/pgfplots/liststructure/pgfplots
matrix.code.tex)
(/usr/local/texlive/2025/texmf-dist/tex/generic/pgfplots/numtable/pgfplotstable
shared.code.tex
\c@pgfplotstable@counta=\count374
\t@pgfplotstable@a=\toks56
)
(/usr/local/texlive/2025/texmf-dist/tex/generic/pgfplots/liststructure/pgfplots
deque.code.tex)
(/usr/local/texlive/2025/texmf-dist/tex/generic/pgfplots/util/pgfplotsbinary.co
de.tex
(/usr/local/texlive/2025/texmf-dist/tex/generic/pgfplots/util/pgfplotsbinary.da
ta.code.tex))
(/usr/local/texlive/2025/texmf-dist/tex/generic/pgfplots/util/pgfplotsutil.verb
.code.tex)
(/usr/local/texlive/2025/texmf-dist/tex/generic/pgfplots/libs/pgflibrarypgfplot
s.surfshading.code.tex
\c@pgfplotslibrarysurf@no=\count375

(/usr/local/texlive/2025/texmf-dist/tex/generic/pgfplots/sys/pgflibrarypgfplots
.surfshading.pgfsys-luatex.def)))
(/usr/local/texlive/2025/texmf-dist/tex/generic/pgfplots/util/pgfplotscolormap.
code.tex
(/usr/local/texlive/2025/texmf-dist/tex/generic/pgfplots/util/pgfplotscolor.cod
e.tex))
(/usr/local/texlive/2025/texmf-dist/tex/generic/pgfplots/pgfplotsstackedplots.c
ode.tex)
(/usr/local/texlive/2025/texmf-dist/tex/generic/pgfplots/pgfplotsplothandlers.c
ode.tex
(/usr/local/texlive/2025/texmf-dist/tex/generic/pgfplots/pgfplotsmeshplothandle
r.code.tex
(/usr/local/texlive/2025/texmf-dist/tex/generic/pgfplots/pgfplotsmeshplotimage.
code.tex)))
(/usr/local/texlive/2025/texmf-dist/tex/generic/pgfplots/pgfplots.scaling.code.
tex)
(/usr/local/texlive/2025/texmf-dist/tex/generic/pgfplots/pgfplotscoordprocessin
g.code.tex)
(/usr/local/texlive/2025/texmf-dist/tex/generic/pgfplots/pgfplots.errorbars.cod
e.tex)
(/usr/local/texlive/2025/texmf-dist/tex/generic/pgfplots/pgfplots.markers.code.
tex)
(/usr/local/texlive/2025/texmf-dist/tex/generic/pgfplots/pgfplotsticks.code.tex
)
(/usr/local/texlive/2025/texmf-dist/tex/generic/pgfplots/pgfplots.paths.code.te
x)
(/usr/local/texlive/2025/texmf-dist/tex/generic/pgf/frontendlayer/tikz/librarie
s/tikzlibrarydecorations.code.tex
(/usr/local/texlive/2025/texmf-dist/tex/generic/pgf/modules/pgfmoduledecoration
s.code.tex
\pgfdecoratedcompleteddistance=\dimen300
\pgfdecoratedremainingdistance=\dimen301
\pgfdecoratedinputsegmentcompleteddistance=\dimen302
\pgfdecoratedinputsegmentremainingdistance=\dimen303
\pgf@decorate@distancetomove=\dimen304
\pgf@decorate@repeatstate=\count376
\pgfdecorationsegmentamplitude=\dimen305
\pgfdecorationsegmentlength=\dimen306
)
\tikz@lib@dec@box=\box87
)
(/usr/local/texlive/2025/texmf-dist/tex/generic/pgf/frontendlayer/tikz/librarie
s/tikzlibrarydecorations.pathmorphing.code.tex
(/usr/local/texlive/2025/texmf-dist/tex/generic/pgf/libraries/decorations/pgfli
brarydecorations.pathmorphing.code.tex))
(/usr/local/texlive/2025/texmf-dist/tex/generic/pgf/frontendlayer/tikz/librarie
s/tikzlibrarydecorations.pathreplacing.code.tex
(/usr/local/texlive/2025/texmf-dist/tex/generic/pgf/libraries/decorations/pgfli
brarydecorations.pathreplacing.code.tex))
(/usr/local/texlive/2025/texmf-dist/tex/generic/pgfplots/libs/tikzlibrarypgfplo
ts.contourlua.code.tex)
\pgfplots@numplots=\count377
\pgfplots@xmin@reg=\dimen307
\pgfplots@xmax@reg=\dimen308
\pgfplots@ymin@reg=\dimen309
\pgfplots@ymax@reg=\dimen310
\pgfplots@zmin@reg=\dimen311
\pgfplots@zmax@reg=\dimen312
)
(/usr/local/texlive/2025/texmf-dist/tex/generic/pgf/frontendlayer/tikz/librarie
s/tikzlibraryplotmarks.code.tex
File: tikzlibraryplotmarks.code.tex 2025-08-14 v3.1.11 (3.1.11)

(/usr/local/texlive/2025/texmf-dist/tex/generic/pgf/libraries/pgflibraryplotmar
ks.code.tex
File: pgflibraryplotmarks.code.tex 2025-08-14 v3.1.11 (3.1.11)
))) (/usr/local/texlive/2025/texmf-dist/tex/latex/skak/skak.sty
Package: skak 2018/01/08 v1.5.3 Chess typesetting

(/usr/local/texlive/2025/texmf-dist/tex/latex/chessfss/chessfss.sty
Package: chessfss 2006/06/14 v1.2a chess font selection scheme

(/usr/local/texlive/2025/texmf-dist/tex/latex/chessfss/lsbenc.def
File: lsbenc.def 2006/06/09 v1.2 Standard LaTeX file
)
(/usr/local/texlive/2025/texmf-dist/tex/latex/chessfss/lsfenc.def
File: lsfenc.def 2006/06/09 v1.2 Standard LaTeX file
)
(/usr/local/texlive/2025/texmf-dist/tex/latex/chessfss/lsienc.def
File: lsienc.def 2006/06/09 v1.2 Standard LaTeX file
)
\len@cfss@squarewidth=\skip69
\len@cfss@squaretotalheight=\skip70
\len@cfss@squaredepth=\skip71


Package chessfss Warning: \comment already defined 
(chessfss)                I will not overwrite it on input line 590.

) (/usr/local/texlive/2025/texmf-dist/tex/plain/lambda-lists/lambda.sty)
(/usr/local/texlive/2025/texmf-dist/tex/latex/tools/calc.sty
Package: calc 2025/03/01 v4.3b Infix arithmetic (KKT,FJ)
\calc@Acount=\count378
\calc@Bcount=\count379
\calc@Adimen=\dimen313
\calc@Bdimen=\dimen314
\calc@Askip=\skip72
\calc@Bskip=\skip73
LaTeX Info: Redefining \setlength on input line 86.
LaTeX Info: Redefining \addtolength on input line 87.
\calc@Ccount=\count380
\calc@Cskip=\skip74
)
\c@fileFrom=\count381
\c@rankFrom=\count382
\c@fileTo=\count383
\c@rankTo=\count384
\c@ps@inverse=\count385
\c@ps@knightangle=\count386
\c@halfmove=\count387
\c@move=\count388
\c@helpgobble=\count389
\c@helpnumber=\count390
\c@helpnumberMove=\count391
\squarelength=\skip75
\square@multiplier=\count392
\ranklift=\skip76
LaTeX Font Info:    Trying to load font information for LSB+skaknew on input li
ne 1774.

(/usr/local/texlive/2025/texmf-dist/tex/latex/chessfss/lsbskaknew.fd
File: lsbskaknew.fd 2006/03/31 v1.0 Chess font definitions
)

LaTeX Font Warning: Font shape `TU/lmss/m/up' undefined
(Font)              using `TU/lmss/m/n' instead on input line 1774.

\store@toks=\toks57
)
(/usr/local/texlive/2025/texmf-dist/tex/generic/pgf/frontendlayer/tikz/librarie
s/tikzlibrarypositioning.code.tex
File: tikzlibrarypositioning.code.tex 2025-08-14 v3.1.11 (3.1.11)
)
(/usr/local/texlive/2025/texmf-dist/tex/generic/pgf/frontendlayer/tikz/librarie
s/tikzlibrarymatrix.code.tex
File: tikzlibrarymatrix.code.tex 2025-08-14 v3.1.11 (3.1.11)
)
(/usr/local/texlive/2025/texmf-dist/tex/generic/pgf/libraries/pgflibraryarrows.
meta.code.tex
File: pgflibraryarrows.meta.code.tex 2025-08-14 v3.1.11 (3.1.11)
\pgfarrowinset=\dimen315
\pgfarrowlength=\dimen316
\pgfarrowwidth=\dimen317
\pgfarrowlinewidth=\dimen318
)
(/usr/local/texlive/2025/texmf-dist/tex/generic/pgf/frontendlayer/tikz/librarie
s/tikzlibraryshapes.code.tex
File: tikzlibraryshapes.code.tex 2025-08-14 v3.1.11 (3.1.11)

(/usr/local/texlive/2025/texmf-dist/tex/generic/pgf/frontendlayer/tikz/librarie
s/tikzlibraryshapes.geometric.code.tex
File: tikzlibraryshapes.geometric.code.tex 2025-08-14 v3.1.11 (3.1.11)

(/usr/local/texlive/2025/texmf-dist/tex/generic/pgf/libraries/shapes/pgflibrary
shapes.geometric.code.tex
File: pgflibraryshapes.geometric.code.tex 2025-08-14 v3.1.11 (3.1.11)
))
(/usr/local/texlive/2025/texmf-dist/tex/generic/pgf/frontendlayer/tikz/librarie
s/tikzlibraryshapes.misc.code.tex
File: tikzlibraryshapes.misc.code.tex 2025-08-14 v3.1.11 (3.1.11)

(/usr/local/texlive/2025/texmf-dist/tex/generic/pgf/libraries/shapes/pgflibrary
shapes.misc.code.tex
File: pgflibraryshapes.misc.code.tex 2025-08-14 v3.1.11 (3.1.11)
))
(/usr/local/texlive/2025/texmf-dist/tex/generic/pgf/frontendlayer/tikz/librarie
s/tikzlibraryshapes.symbols.code.tex
File: tikzlibraryshapes.symbols.code.tex 2025-08-14 v3.1.11 (3.1.11)

(/usr/local/texlive/2025/texmf-dist/tex/generic/pgf/libraries/shapes/pgflibrary
shapes.symbols.code.tex
File: pgflibraryshapes.symbols.code.tex 2025-08-14 v3.1.11 (3.1.11)
))
(/usr/local/texlive/2025/texmf-dist/tex/generic/pgf/frontendlayer/tikz/librarie
s/tikzlibraryshapes.arrows.code.tex
File: tikzlibraryshapes.arrows.code.tex 2025-08-14 v3.1.11 (3.1.11)

(/usr/local/texlive/2025/texmf-dist/tex/generic/pgf/libraries/shapes/pgflibrary
shapes.arrows.code.tex
File: pgflibraryshapes.arrows.code.tex 2025-08-14 v3.1.11 (3.1.11)
))
(/usr/local/texlive/2025/texmf-dist/tex/generic/pgf/frontendlayer/tikz/librarie
s/tikzlibraryshapes.callouts.code.tex
(/usr/local/texlive/2025/texmf-dist/tex/generic/pgf/libraries/shapes/pgflibrary
shapes.callouts.code.tex))
(/usr/local/texlive/2025/texmf-dist/tex/generic/pgf/frontendlayer/tikz/librarie
s/tikzlibraryshapes.multipart.code.tex
File: tikzlibraryshapes.multipart.code.tex 2025-08-14 v3.1.11 (3.1.11)

(/usr/local/texlive/2025/texmf-dist/tex/generic/pgf/libraries/shapes/pgflibrary
shapes.multipart.code.tex
File: pgflibraryshapes.multipart.code.tex 2025-08-14 v3.1.11 (3.1.11)
\pgfnodepartlowerbox=\box88
\pgfnodeparttwobox=\box89
\pgfnodepartthreebox=\box90
\pgfnodepartfourbox=\box91
\pgfnodeparttwentybox=\box92
\pgfnodepartnineteenbox=\box93
\pgfnodeparteighteenbox=\box94
\pgfnodepartseventeenbox=\box95
\pgfnodepartsixteenbox=\box96
\pgfnodepartfifteenbox=\box97
\pgfnodepartfourteenbox=\box98
\pgfnodepartthirteenbox=\box99
\pgfnodeparttwelvebox=\box100
\pgfnodepartelevenbox=\box101
\pgfnodeparttenbox=\box102
\pgfnodepartninebox=\box103
\pgfnodeparteightbox=\box104
\pgfnodepartsevenbox=\box105
\pgfnodepartsixbox=\box106
\pgfnodepartfivebox=\box107
)))
(/usr/local/texlive/2025/texmf-dist/tex/generic/pgf/frontendlayer/tikz/librarie
s/tikzlibraryshadows.code.tex
File: tikzlibraryshadows.code.tex 2025-08-14 v3.1.11 (3.1.11)

(/usr/local/texlive/2025/texmf-dist/tex/generic/pgf/frontendlayer/tikz/librarie
s/tikzlibraryfadings.code.tex
File: tikzlibraryfadings.code.tex 2025-08-14 v3.1.11 (3.1.11)

(/usr/local/texlive/2025/texmf-dist/tex/generic/pgf/libraries/pgflibraryfadings
.code.tex
File: pgflibraryfadings.code.tex 2025-08-14 v3.1.11 (3.1.11)
)))
(/usr/local/texlive/2025/texmf-dist/tex/generic/pgf/frontendlayer/tikz/librarie
s/tikzlibrarypatterns.code.tex
File: tikzlibrarypatterns.code.tex 2025-08-14 v3.1.11 (3.1.11)

(/usr/local/texlive/2025/texmf-dist/tex/generic/pgf/libraries/pgflibrarypattern
s.code.tex
File: pgflibrarypatterns.code.tex 2025-08-14 v3.1.11 (3.1.11)
))
(/usr/local/texlive/2025/texmf-dist/tex/generic/pgf/frontendlayer/tikz/librarie
s/tikzlibrarydecorations.markings.code.tex
(/usr/local/texlive/2025/texmf-dist/tex/generic/pgf/libraries/decorations/pgfli
brarydecorations.markings.code.tex))
(/usr/local/texlive/2025/texmf-dist/tex/latex/extpfeil/extpfeil.sty
Package: extpfeil 2009/10/31 v0.4 Extensible Pfeile (PE)

(/usr/local/texlive/2025/texmf-dist/tex/latex/mathtools/mathtools.sty
Package: mathtools 2024/10/04 v1.31 mathematical typesetting tools

(/usr/local/texlive/2025/texmf-dist/tex/latex/mathtools/mhsetup.sty
Package: mhsetup 2021/03/18 v1.4 programming setup (MH)
)
\g_MT_multlinerow_int=\count393
\l_MT_multwidth_dim=\dimen319
\origjot=\skip77
\l_MT_shortvdotswithinadjustabove_dim=\dimen320
\l_MT_shortvdotswithinadjustbelow_dim=\dimen321
\l_MT_above_intertext_sep=\dimen322
\l_MT_below_intertext_sep=\dimen323
\l_MT_above_shortintertext_sep=\dimen324
\l_MT_below_shortintertext_sep=\dimen325
\xmathstrut@box=\box108
\xmathstrut@dim=\dimen326
)
(/usr/local/texlive/2025/texmf-dist/tex/latex/stmaryrd/stmaryrd.sty
Package: stmaryrd 1994/03/03 St Mary's Road symbol package
\symstmry=\mathgroup6
LaTeX Font Info:    Overwriting symbol font `stmry' in version `bold'
(Font)                  U/stmry/m/n --> U/stmry/b/n on input line 89.
))
(./main.aux)
\openout1 = main.aux

LaTeX Font Info:    Checking defaults for OML/cmm/m/it on input line 708.
LaTeX Font Info:    ... okay on input line 708.
LaTeX Font Info:    Checking defaults for OMS/cmsy/m/n on input line 708.
LaTeX Font Info:    ... okay on input line 708.
LaTeX Font Info:    Checking defaults for OT1/cmr/m/n on input line 708.
LaTeX Font Info:    ... okay on input line 708.
LaTeX Font Info:    Checking defaults for T1/cmr/m/n on input line 708.
LaTeX Font Info:    ... okay on input line 708.
LaTeX Font Info:    Checking defaults for TS1/cmr/m/n on input line 708.
LaTeX Font Info:    ... okay on input line 708.
LaTeX Font Info:    Checking defaults for TU/lmr/m/n on input line 708.
LaTeX Font Info:    ... okay on input line 708.
LaTeX Font Info:    Checking defaults for OMX/cmex/m/n on input line 708.
LaTeX Font Info:    ... okay on input line 708.
LaTeX Font Info:    Checking defaults for U/cmr/m/n on input line 708.
LaTeX Font Info:    ... okay on input line 708.
LaTeX Font Info:    Checking defaults for PD1/pdf/m/n on input line 708.
LaTeX Font Info:    ... okay on input line 708.
LaTeX Font Info:    Checking defaults for PU/pdf/m/n on input line 708.
LaTeX Font Info:    ... okay on input line 708.
LaTeX Font Info:    Checking defaults for LSB/skaknew/m/n on input line 708.
LaTeX Font Info:    ... okay on input line 708.
LaTeX Font Info:    Checking defaults for LSF/skaknew/m/n on input line 708.
LaTeX Font Info:    Trying to load font information for LSF+skaknew on input li
ne 708.

(/usr/local/texlive/2025/texmf-dist/tex/latex/chessfss/lsfskaknew.fd
File: lsfskaknew.fd 2006/03/31 v1.0 Chess font definitions
)
LaTeX Font Info:    ... okay on input line 708.
LaTeX Font Info:    Checking defaults for LSI/skaknew/m/n on input line 708.
LaTeX Font Info:    Trying to load font information for LSI+skaknew on input li
ne 708.

(/usr/local/texlive/2025/texmf-dist/tex/latex/chessfss/lsiskaknew.fd
File: lsiskaknew.fd 2006/03/31 v1.0 Chess font definitions
)
LaTeX Font Info:    ... okay on input line 708.

*geometry* driver: auto-detecting
*geometry* detected driver: luatex
*geometry* verbose mode - [ preamble ] result:
* driver: luatex
* paper: letterpaper
* layout: <same size as paper>
* layoutoffset:(h,v)=(0.0pt,0.0pt)
* modes: 
* h-part:(L,W,R)=(137.14749pt, 340.0pt, 137.1475pt)
* v-part:(T,H,B)=(57.81598pt, 650.43pt, 86.72401pt)
* \paperwidth=614.295pt
* \paperheight=794.96999pt
* \textwidth=340.0pt
* \textheight=650.43pt
* \oddsidemargin=64.8775pt
* \evensidemargin=64.8775pt
* \topmargin=-44.5215pt
* \headheight=12.0pt
* \headsep=18.06749pt
* \topskip=10.0pt
* \footskip=25.29494pt
* \marginparwidth=69.0pt
* \marginparsep=7.0pt
* \columnsep=10.0pt
* \skip\footins=9.0pt plus 4.0pt minus 2.0pt
* \hoffset=0.0pt
* \voffset=0.0pt
* \mag=1000
* \@twocolumnfalse
* \@twosidefalse
* \@mparswitchfalse
* \@reversemarginfalse
* (1in=72.27pt=25.4mm, 1cm=28.453pt)

(/usr/local/texlive/2025/texmf-dist/tex/context/base/mkii/supp-pdf.mkii
[Loading MPS to PDF converter (version 2006.09.02).]
\scratchcounter=\count394
\scratchdimen=\dimen327
\scratchbox=\box109
\nofMPsegments=\count395
\nofMParguments=\count396
\everyMPshowfont=\toks58
\MPscratchCnt=\count397
\MPscratchDim=\dimen328
\MPnumerator=\count398
\makeMPintoPDFobject=\count399
\everyMPtoPDFconversion=\toks59
) (/usr/local/texlive/2025/texmf-dist/tex/latex/epstopdf-pkg/epstopdf-base.sty
Package: epstopdf-base 2020-01-24 v2.11 Base part for package epstopdf
Package epstopdf-base Info: Redefining graphics rule for `.eps' on input line 4
85.

(/usr/local/texlive/2025/texmf-dist/tex/latex/latexconfig/epstopdf-sys.cfg
File: epstopdf-sys.cfg 2010/07/13 v1.3 Configuration of (r)epstopdf for TeX Liv
e
))

Package fontspec Info: 
(fontspec)             Adjusting the maths setup (use [no-math] to avoid
(fontspec)             this).

\symlegacymaths=\mathgroup7
LaTeX Font Info:    Overwriting symbol font `legacymaths' in version `bold'
(Font)                  OT1/cmr/m/n --> OT1/cmr/bx/n on input line 708.
LaTeX Font Info:    Redeclaring math accent \acute on input line 708.
LaTeX Font Info:    Redeclaring math accent \grave on input line 708.
LaTeX Font Info:    Redeclaring math accent \ddot on input line 708.
LaTeX Font Info:    Redeclaring math accent \tilde on input line 708.
LaTeX Font Info:    Redeclaring math accent \bar on input line 708.
LaTeX Font Info:    Redeclaring math accent \breve on input line 708.
LaTeX Font Info:    Redeclaring math accent \check on input line 708.
LaTeX Font Info:    Redeclaring math accent \hat on input line 708.
LaTeX Font Info:    Redeclaring math accent \dot on input line 708.
LaTeX Font Info:    Redeclaring math accent \mathring on input line 708.
LaTeX Font Info:    Redeclaring math symbol \Gamma on input line 708.
LaTeX Font Info:    Redeclaring math symbol \Delta on input line 708.
LaTeX Font Info:    Redeclaring math symbol \Theta on input line 708.
LaTeX Font Info:    Redeclaring math symbol \Lambda on input line 708.
LaTeX Font Info:    Redeclaring math symbol \Xi on input line 708.
LaTeX Font Info:    Redeclaring math symbol \Pi on input line 708.
LaTeX Font Info:    Redeclaring math symbol \Sigma on input line 708.
LaTeX Font Info:    Redeclaring math symbol \Upsilon on input line 708.
LaTeX Font Info:    Redeclaring math symbol \Phi on input line 708.
LaTeX Font Info:    Redeclaring math symbol \Psi on input line 708.
LaTeX Font Info:    Redeclaring math symbol \Omega on input line 708.
LaTeX Font Info:    Redeclaring math symbol \mathdollar on input line 708.
LaTeX Font Info:    Redeclaring symbol font `operators' on input line 708.
LaTeX Font Info:    Encoding `OT1' has changed to `TU' for symbol font
(Font)              `operators' in the math version `normal' on input line 708.

LaTeX Font Info:    Overwriting symbol font `operators' in version `normal'
(Font)                  OT1/cmr/m/n --> TU/lmr/m/n on input line 708.
LaTeX Font Info:    Encoding `OT1' has changed to `TU' for symbol font
(Font)              `operators' in the math version `bold' on input line 708.
LaTeX Font Info:    Overwriting symbol font `operators' in version `bold'
(Font)                  OT1/cmr/bx/n --> TU/lmr/m/n on input line 708.
LaTeX Font Info:    Overwriting symbol font `operators' in version `normal'
(Font)                  TU/lmr/m/n --> TU/lmr/m/n on input line 708.
LaTeX Font Info:    Overwriting math alphabet `\mathit' in version `normal'
(Font)                  OT1/cmr/m/it --> TU/lmr/m/it on input line 708.
LaTeX Font Info:    Overwriting math alphabet `\mathbf' in version `normal'
(Font)                  OT1/cmr/bx/n --> TU/lmr/b/n on input line 708.
LaTeX Font Info:    Overwriting math alphabet `\mathsf' in version `normal'
(Font)                  OT1/cmss/m/n --> TU/lmss/m/n on input line 708.
LaTeX Font Info:    Overwriting math alphabet `\mathtt' in version `normal'
(Font)                  OT1/cmtt/m/n --> TU/Inconsolatazi4-Regular.otf(0)/m/n o
n input line 708.
LaTeX Font Info:    Overwriting symbol font `operators' in version `bold'
(Font)                  TU/lmr/m/n --> TU/lmr/b/n on input line 708.
LaTeX Font Info:    Overwriting math alphabet `\mathit' in version `bold'
(Font)                  OT1/cmr/bx/it --> TU/lmr/b/it on input line 708.
LaTeX Font Info:    Overwriting math alphabet `\mathsf' in version `bold'
(Font)                  OT1/cmss/bx/n --> TU/lmss/b/n on input line 708.
LaTeX Font Info:    Overwriting math alphabet `\mathtt' in version `bold'
(Font)                  OT1/cmtt/m/n --> TU/Inconsolatazi4-Regular.otf(0)/b/n o
n input line 708.
LaTeX Encoding Info:    Undeclare text command \textquotesingle (encoding TU) o
n input line 708.
LaTeX Encoding Info:    Redeclaring text symbol \textquotesingle (encoding TS1)
 on input line 708.

(/usr/local/texlive/2025/texmf-dist/tex/latex/upquote/upquote.sty
Package: upquote 2012/04/19 v1.3 upright-quote and grave-accent glyphs in verba
tim
)
LaTeX Info: Redefining \microtypecontext on input line 708.
Package microtype Info: Applying patch `item' on input line 708.
Package microtype Info: Applying patch `toc' on input line 708.
Package microtype Info: Applying patch `eqnum' on input line 708.
Package microtype Info: Applying patch `footnote' on input line 708.
Package microtype Info: Applying patch `verbatim' on input line 708.
LaTeX Info: Redefining \microtypesetup on input line 708.
Package microtype Info: Generating PDF output.
Package microtype Info: Character protrusion enabled (level 2).
Package microtype Info: Using default protrusion set `alltext'.
Package microtype Info: Automatic font expansion enabled (level 2),
(microtype)             stretch: 20, shrink: 20, step: 1, non-selected.
Package microtype Info: Using default expansion set `alltext-nott'.
Package microtype Info: Patching command `\showhyphens'.
Package microtype Info: No adjustment of tracking.
Package microtype Info: No adjustment of spacing.
Package microtype Info: No adjustment of kerning.

(/usr/local/texlive/2025/texmf-dist/tex/latex/microtype/mt-LatinModernRoman.cfg
File: mt-LatinModernRoman.cfg 2021/02/21 v1.1 microtype config. file: Latin Mod
ern Roman (RS)
)
\c@lstlisting=\count400
Package hyperref Info: Link coloring ON on input line 708.
 (./main.out) (./main.out)
\@outlinefile=\write5

\openout5 = main.out

Package pgfplots notification 'compat/show suggested version=true': document ha
s been generated with the most recent feature set (\pgfplotsset{compat=1.18}).



[1


{/usr/local/texlive/2025/texmf-var/fonts/map/pdftex/updmap/pdftex.map}]

[2

]

[3

]
************************************************
Preface Preface
************************************************


[4


] (./main.toc

[5

])
\tf@toc=\write6

\openout6 = main.toc


[6]
************************************************
Chapter 1 Background Mathematics for Linear Optimization
************************************************
Chapter 1.

Overfull \hbox (3.63269pt too wide) in paragraph at lines 768--768
|\TU/lmr/bx/n/24.88 Back-ground Math-e-mat-ics for
 []

************************************************
Section 1.1 Lines and Planes
************************************************
************************************************
Subsection 1.1.1 Lines
************************************************
LaTeX Font Info:    Trying to load font information for U+msa on input line 800
.
(/usr/local/texlive/2025/texmf-dist/tex/latex/amsfonts/umsa.fd
File: umsa.fd 2013/01/14 v3.01 AMS symbols A
)
(/usr/local/texlive/2025/texmf-dist/tex/latex/microtype/mt-msa.cfg
File: mt-msa.cfg 2006/02/04 v1.1 microtype config. file: AMS symbols (a) (RS)
)
LaTeX Font Info:    Trying to load font information for U+msb on input line 800
.

(/usr/local/texlive/2025/texmf-dist/tex/latex/amsfonts/umsb.fd
File: umsb.fd 2013/01/14 v3.01 AMS symbols B
)
(/usr/local/texlive/2025/texmf-dist/tex/latex/microtype/mt-msb.cfg
File: mt-msb.cfg 2005/06/01 v1.0 microtype config. file: AMS symbols (b) (RS)
)
LaTeX Font Info:    Trying to load font information for U+stmry on input line 8
00.

(/usr/local/texlive/2025/texmf-dist/tex/latex/stmaryrd/Ustmry.fd)
(/usr/local/texlive/2025/texmf-dist/tex/latex/microtype/mt-cmr.cfg
File: mt-cmr.cfg 2013/05/19 v2.2 microtype config. file: Computer Modern Roman 
(RS)
)

[1


]


Overfull \hbox (27.06451pt too wide) has occurred while \output is active
\TU/lmr/m/sl/10 CHAP-TER 1. BACK-GROUND MATH-E-MAT-ICS FOR LIN-EAR OP-TI-MIZA-TI
ON \TU/lmr/m/n/10 2
 []

[2]
************************************************
Subsection 1.1.2 Linear Inequalities
************************************************



Overfull \hbox (27.06451pt too wide) has occurred while \output is active
\TU/lmr/m/sl/10 CHAP-TER 1. BACK-GROUND MATH-E-MAT-ICS FOR LIN-EAR OP-TI-MIZA-TI
ON \TU/lmr/m/n/10 3
 []

[3]


Overfull \hbox (27.06451pt too wide) has occurred while \output is active
\TU/lmr/m/sl/10 CHAP-TER 1. BACK-GROUND MATH-E-MAT-ICS FOR LIN-EAR OP-TI-MIZA-TI
ON \TU/lmr/m/n/10 4
 []

[4]

LaTeX Font Warning: Font shape `U/stmry/b/n' undefined
(Font)              using `U/stmry/m/n' instead on input line 996.




Overfull \hbox (27.06451pt too wide) has occurred while \output is active
\TU/lmr/m/sl/10 CHAP-TER 1. BACK-GROUND MATH-E-MAT-ICS FOR LIN-EAR OP-TI-MIZA-TI
ON \TU/lmr/m/n/10 5
 []

[5]
************************************************
Subsection 1.1.3 Bounded and Unbounded Feasible Sets
************************************************



Overfull \hbox (27.06451pt too wide) has occurred while \output is active
\TU/lmr/m/sl/10 CHAP-TER 1. BACK-GROUND MATH-E-MAT-ICS FOR LIN-EAR OP-TI-MIZA-TI
ON \TU/lmr/m/n/10 6
 []

[6]
************************************************
Subsection 1.1.4 Planes and Hyperplanes
************************************************
<generated/asymptote/fig-plane-2.pdf, id=425, 202.7575pt x 143.51617pt>
File: generated/asymptote/fig-plane-2.pdf Graphic file (type pdf)
<use generated/asymptote/fig-plane-2.pdf>
Package luatex.def Info: generated/asymptote/fig-plane-2.pdf  used on input lin
e 1141.
(luatex.def)             Requested size: 341.20001pt x 241.515pt.



Overfull \hbox (27.06451pt too wide) has occurred while \output is active
\TU/lmr/m/sl/10 CHAP-TER 1. BACK-GROUND MATH-E-MAT-ICS FOR LIN-EAR OP-TI-MIZA-TI
ON \TU/lmr/m/n/10 7
 []

[7]
<generated/asymptote/fig-plane-2-2.pdf, id=440, 407.5225pt x 402.48367pt>
File: generated/asymptote/fig-plane-2-2.pdf Graphic file (type pdf)
<use generated/asymptote/fig-plane-2-2.pdf>
Package luatex.def Info: generated/asymptote/fig-plane-2-2.pdf  used on input l
ine 1148.
(luatex.def)             Requested size: 341.20001pt x 336.99695pt.



Overfull \hbox (27.06451pt too wide) has occurred while \output is active
\TU/lmr/m/sl/10 CHAP-TER 1. BACK-GROUND MATH-E-MAT-ICS FOR LIN-EAR OP-TI-MIZA-TI
ON \TU/lmr/m/n/10 8
 []

[8<./generated/asymptote/fig-plane-2.pdf>]
************************************************
Subsection 1.1.5 Convex Sets
************************************************



Overfull \hbox (27.06451pt too wide) has occurred while \output is active
\TU/lmr/m/sl/10 CHAP-TER 1. BACK-GROUND MATH-E-MAT-ICS FOR LIN-EAR OP-TI-MIZA-TI
ON \TU/lmr/m/n/10 9
 []

[9<./generated/asymptote/fig-plane-2-2.pdf>]
************************************************
Section 1.2 Using Software for Plotting
************************************************



Overfull \hbox (32.06451pt too wide) has occurred while \output is active
\TU/lmr/m/sl/10 CHAP-TER 1. BACK-GROUND MATH-E-MAT-ICS FOR LIN-EAR OP-TI-MIZA-TI
ON \TU/lmr/m/n/10 10
 []

[10]
************************************************
Subsection 1.2.1 Plotting Lines
************************************************
<external/images/desmos.png, id=486, 1010.77625pt x 668.4975pt>
File: external/images/desmos.png Graphic file (type png)
<use external/images/desmos.png>
Package luatex.def Info: external/images/desmos.png  used on input line 1270.
(luatex.def)             Requested size: 341.20001pt x 225.66428pt.
Package microtype Info: Loading generic protrusion settings for font family
(microtype)             `Inconsolatazi4-Regular.otf' (encoding: TU).
(microtype)             For optimal results, create family-specific settings.
(microtype)             See the microtype manual for details.
<external/images/desmos-line-plot.png, id=487, 1011.78pt x 670.505pt>
File: external/images/desmos-line-plot.png Graphic file (type png)
<use external/images/desmos-line-plot.png>
Package luatex.def Info: external/images/desmos-line-plot.png  used on input li
ne 1277.
(luatex.def)             Requested size: 341.20001pt x 226.11687pt.



Overfull \hbox (32.06451pt too wide) has occurred while \output is active
\TU/lmr/m/sl/10 CHAP-TER 1. BACK-GROUND MATH-E-MAT-ICS FOR LIN-EAR OP-TI-MIZA-TI
ON \TU/lmr/m/n/10 11
 []

[11<./external/images/desmos.png>]
<external/images/desmos-two-lines.png, id=499, 1012.78375pt x 663.47874pt>
File: external/images/desmos-two-lines.png Graphic file (type png)
<use external/images/desmos-two-lines.png>
Package luatex.def Info: external/images/desmos-two-lines.png  used on input li
ne 1284.
(luatex.def)             Requested size: 341.20001pt x 223.51451pt.

************************************************
Subsection 1.2.2 Plotting Inequalities and Feasible Sets
************************************************
<external/images/desmos-inequality.png, id=500, 1011.78pt x 668.4975pt>
File: external/images/desmos-inequality.png Graphic file (type png)
<use external/images/desmos-inequality.png>
Package luatex.def Info: external/images/desmos-inequality.png  used on input l
ine 1299.
(luatex.def)             Requested size: 341.20001pt x 225.43987pt.
Missing character: There is no ≤ (U+2264) in font [Inconsolatazi4-Regular.otf]
:mode=node;script=latn;language=dflt;+ss01;+ss03;!
Missing character: There is no ≤ (U+2264) in font [Inconsolatazi4-Regular.otf]
:mode=node;script=latn;language=dflt;+ss01;+ss03;!
Missing character: There is no ≤ (U+2264) in font [Inconsolatazi4-Regular.otf]
:mode=node;script=latn;language=dflt;+ss01;+ss03;!
Missing character: There is no ≤ (U+2264) in font [Inconsolatazi4-Regular.otf]
:mode=node;script=latn;language=dflt;+ss01;+ss03;!
Missing character: There is no ≤ (U+2264) in font [Inconsolatazi4-Regular.otf]
:mode=node;script=latn;language=dflt;+ss01;+ss03;!



Overfull \hbox (32.06451pt too wide) has occurred while \output is active
\TU/lmr/m/sl/10 CHAP-TER 1. BACK-GROUND MATH-E-MAT-ICS FOR LIN-EAR OP-TI-MIZA-TI
ON \TU/lmr/m/n/10 12
 []

[12
Missing character: There is no ≤ (U+2264) in font [Inconsolatazi4-Regular.otf]
:mode=node;script=latn;language=dflt;+ss01;+ss03;!
Missing character: There is no ≤ (U+2264) in font [Inconsolatazi4-Regular.otf]
:mode=node;script=latn;language=dflt;+ss01;+ss03;!
<./external/images/desmos-line-plot.png><./external/images/desmos-two-lines.png>
]
<external/images/desmos-two-inequalities.png, id=515, 1012.78375pt x 671.50874p
t>
File: external/images/desmos-two-inequalities.png Graphic file (type png)
<use external/images/desmos-two-inequalities.png>
Package luatex.def Info: external/images/desmos-two-inequalities.png  used on i
nput line 1319.
(luatex.def)             Requested size: 341.20001pt x 226.21968pt.
<external/images/desmos-three-inequalities.png, id=516, 1013.7875pt x 671.50874
pt>
File: external/images/desmos-three-inequalities.png Graphic file (type png)
<use external/images/desmos-three-inequalities.png>
Package luatex.def Info: external/images/desmos-three-inequalities.png  used on
 input line 1336.
(luatex.def)             Requested size: 341.80002pt x 226.39388pt.



Overfull \hbox (32.06451pt too wide) has occurred while \output is active
\TU/lmr/m/sl/10 CHAP-TER 1. BACK-GROUND MATH-E-MAT-ICS FOR LIN-EAR OP-TI-MIZA-TI
ON \TU/lmr/m/n/10 13
 []

[13<./external/images/desmos-inequality.png><./external/images/desmos-two-inequa
lities.png>]
************************************************
Subsection 1.2.3 Graphing Planes
************************************************
<external/images/desmos-plane.png, id=531, 1013.7875pt x 669.50125pt>
File: external/images/desmos-plane.png Graphic file (type png)
<use external/images/desmos-plane.png>
Package luatex.def Info: external/images/desmos-plane.png  used on input line 1
355.
(luatex.def)             Requested size: 341.20001pt x 225.31865pt.



Overfull \hbox (32.06451pt too wide) has occurred while \output is active
\TU/lmr/m/sl/10 CHAP-TER 1. BACK-GROUND MATH-E-MAT-ICS FOR LIN-EAR OP-TI-MIZA-TI
ON \TU/lmr/m/n/10 14
 []

[14<./external/images/desmos-three-inequalities.png>]
************************************************
Section 1.3 Matrices and Matrix Reduction
************************************************
************************************************
Subsection 1.3.1 Linear Systems
************************************************



Overfull \hbox (32.06451pt too wide) has occurred while \output is active
\TU/lmr/m/sl/10 CHAP-TER 1. BACK-GROUND MATH-E-MAT-ICS FOR LIN-EAR OP-TI-MIZA-TI
ON \TU/lmr/m/n/10 15
 []

[15<./external/images/desmos-plane.png>]


Overfull \hbox (32.06451pt too wide) has occurred while \output is active
\TU/lmr/m/sl/10 CHAP-TER 1. BACK-GROUND MATH-E-MAT-ICS FOR LIN-EAR OP-TI-MIZA-TI
ON \TU/lmr/m/n/10 16
 []

[16]


Overfull \hbox (32.06451pt too wide) has occurred while \output is active
\TU/lmr/m/sl/10 CHAP-TER 1. BACK-GROUND MATH-E-MAT-ICS FOR LIN-EAR OP-TI-MIZA-TI
ON \TU/lmr/m/n/10 17
 []

[17]
************************************************
Subsection 1.3.2 Elementary Row Operations
************************************************



Overfull \hbox (32.06451pt too wide) has occurred while \output is active
\TU/lmr/m/sl/10 CHAP-TER 1. BACK-GROUND MATH-E-MAT-ICS FOR LIN-EAR OP-TI-MIZA-TI
ON \TU/lmr/m/n/10 18
 []

[18]
************************************************
Subsubsection 1.3.2.1 Gauss's Method
************************************************



Overfull \hbox (32.06451pt too wide) has occurred while \output is active
\TU/lmr/m/sl/10 CHAP-TER 1. BACK-GROUND MATH-E-MAT-ICS FOR LIN-EAR OP-TI-MIZA-TI
ON \TU/lmr/m/n/10 19
 []

[19]


Overfull \hbox (32.06451pt too wide) has occurred while \output is active
\TU/lmr/m/sl/10 CHAP-TER 1. BACK-GROUND MATH-E-MAT-ICS FOR LIN-EAR OP-TI-MIZA-TI
ON \TU/lmr/m/n/10 20
 []

[20]
************************************************
Subsection 1.3.3 Matrices
************************************************
************************************************
Subsection 1.3.4 Matrices and Linear Systems
************************************************



Overfull \hbox (32.06451pt too wide) has occurred while \output is active
\TU/lmr/m/sl/10 CHAP-TER 1. BACK-GROUND MATH-E-MAT-ICS FOR LIN-EAR OP-TI-MIZA-TI
ON \TU/lmr/m/n/10 21
 []

[21]
************************************************
Subsection 1.3.5 Row Operations and Matrices
************************************************



Overfull \hbox (32.06451pt too wide) has occurred while \output is active
\TU/lmr/m/sl/10 CHAP-TER 1. BACK-GROUND MATH-E-MAT-ICS FOR LIN-EAR OP-TI-MIZA-TI
ON \TU/lmr/m/n/10 22
 []

[22]


Overfull \hbox (32.06451pt too wide) has occurred while \output is active
\TU/lmr/m/sl/10 CHAP-TER 1. BACK-GROUND MATH-E-MAT-ICS FOR LIN-EAR OP-TI-MIZA-TI
ON \TU/lmr/m/n/10 23
 []

[23]


Overfull \hbox (32.06451pt too wide) has occurred while \output is active
\TU/lmr/m/sl/10 CHAP-TER 1. BACK-GROUND MATH-E-MAT-ICS FOR LIN-EAR OP-TI-MIZA-TI
ON \TU/lmr/m/n/10 24
 []

[24]
************************************************
Subsection 1.3.6 Matrix Pivots
************************************************



Overfull \hbox (32.06451pt too wide) has occurred while \output is active
\TU/lmr/m/sl/10 CHAP-TER 1. BACK-GROUND MATH-E-MAT-ICS FOR LIN-EAR OP-TI-MIZA-TI
ON \TU/lmr/m/n/10 25
 []

[25]


Overfull \hbox (32.06451pt too wide) has occurred while \output is active
\TU/lmr/m/sl/10 CHAP-TER 1. BACK-GROUND MATH-E-MAT-ICS FOR LIN-EAR OP-TI-MIZA-TI
ON \TU/lmr/m/n/10 26
 []

[26]


Overfull \hbox (32.06451pt too wide) has occurred while \output is active
\TU/lmr/m/sl/10 CHAP-TER 1. BACK-GROUND MATH-E-MAT-ICS FOR LIN-EAR OP-TI-MIZA-TI
ON \TU/lmr/m/n/10 27
 []

[27]
************************************************
Subsection 1.3.7 Geometry of Linear Systems of 2 variables
************************************************



Overfull \hbox (32.06451pt too wide) has occurred while \output is active
\TU/lmr/m/sl/10 CHAP-TER 1. BACK-GROUND MATH-E-MAT-ICS FOR LIN-EAR OP-TI-MIZA-TI
ON \TU/lmr/m/n/10 28
 []

[28]


Overfull \hbox (32.06451pt too wide) has occurred while \output is active
\TU/lmr/m/sl/10 CHAP-TER 1. BACK-GROUND MATH-E-MAT-ICS FOR LIN-EAR OP-TI-MIZA-TI
ON \TU/lmr/m/n/10 29
 []

[29]
************************************************
Section 1.4 Using Software to Perform Matrix Pivots
************************************************



Overfull \hbox (32.06451pt too wide) has occurred while \output is active
\TU/lmr/m/sl/10 CHAP-TER 1. BACK-GROUND MATH-E-MAT-ICS FOR LIN-EAR OP-TI-MIZA-TI
ON \TU/lmr/m/n/10 30
 []

[30]
************************************************
Subsection 1.4.1 Using WebCAS to do Row Operations
************************************************
<external/images/webcas01.png, id=788, 801.99625pt x 325.215pt>
File: external/images/webcas01.png Graphic file (type png)
<use external/images/webcas01.png>
Package luatex.def Info: external/images/webcas01.png  used on input line 2227.

(luatex.def)             Requested size: 341.20001pt x 138.36093pt.
<external/images/webcas2.png, id=789, 417.56pt x 127.47626pt>
File: external/images/webcas2.png Graphic file (type png)
<use external/images/webcas2.png>
Package luatex.def Info: external/images/webcas2.png  used on input line 2239.
(luatex.def)             Requested size: 170.90001pt x 52.17418pt.



Overfull \hbox (32.06451pt too wide) has occurred while \output is active
\TU/lmr/m/sl/10 CHAP-TER 1. BACK-GROUND MATH-E-MAT-ICS FOR LIN-EAR OP-TI-MIZA-TI
ON \TU/lmr/m/n/10 31
 []

[31<./external/images/webcas01.png><./external/images/webcas2.png>]
<external/images/webcas3.png, id=807, 716.6775pt x 139.52126pt>
File: external/images/webcas3.png Graphic file (type png)
<use external/images/webcas3.png>
Package luatex.def Info: external/images/webcas3.png  used on input line 2269.
(luatex.def)             Requested size: 307.13792pt x 59.79285pt.
<external/images/webcas04.png, id=808, 693.59125pt x 120.45pt>
File: external/images/webcas04.png Graphic file (type png)
<use external/images/webcas04.png>
Package luatex.def Info: external/images/webcas04.png  used on input line 2281.

(luatex.def)             Requested size: 307.13792pt x 53.34pt.
<external/images/webcas05.png, id=811, 594.22pt x 120.45pt>
File: external/images/webcas05.png Graphic file (type png)
<use external/images/webcas05.png>
Package luatex.def Info: external/images/webcas05.png  used on input line 2290.

(luatex.def)             Requested size: 307.13792pt x 62.25941pt.



Overfull \hbox (32.06451pt too wide) has occurred while \output is active
\TU/lmr/m/sl/10 CHAP-TER 1. BACK-GROUND MATH-E-MAT-ICS FOR LIN-EAR OP-TI-MIZA-TI
ON \TU/lmr/m/n/10 32
 []

[32<./external/images/webcas3.png><./external/images/webcas04.png>]
<external/images/webcas06.png, id=828, 677.53125pt x 109.40875pt>
File: external/images/webcas06.png Graphic file (type png)
<use external/images/webcas06.png>
Package luatex.def Info: external/images/webcas06.png  used on input line 2299.

(luatex.def)             Requested size: 307.13792pt x 49.59908pt.
<external/images/webcas07.png, id=829, 519.9425pt x 130.4875pt>
File: external/images/webcas07.png Graphic file (type png)
<use external/images/webcas07.png>
Package luatex.def Info: external/images/webcas07.png  used on input line 2306.

(luatex.def)             Requested size: 307.13792pt x 77.08052pt.

************************************************
Subsection 1.4.2 Matrix Pivots in WebCAS
************************************************
<external/images/matrix-movie.png, id=834, 881.2925pt x 569.12625pt>
File: external/images/matrix-movie.png Graphic file (type png)
<use external/images/matrix-movie.png>
Package luatex.def Info: external/images/matrix-movie.png  used on input line 2
324.
(luatex.def)             Requested size: 340.6pt x 219.9523pt.
<external/images/webcas08.png, id=835, 496.85625pt x 112.42pt>
File: external/images/webcas08.png Graphic file (type png)
<use external/images/webcas08.png>
Package luatex.def Info: external/images/webcas08.png  used on input line 2327.

(luatex.def)             Requested size: 256.05pt x 57.93553pt.



Overfull \hbox (32.06451pt too wide) has occurred while \output is active
\TU/lmr/m/sl/10 CHAP-TER 1. BACK-GROUND MATH-E-MAT-ICS FOR LIN-EAR OP-TI-MIZA-TI
ON \TU/lmr/m/n/10 33
 []

[33<./external/images/webcas05.png><./external/images/webcas06.png><./external/i
mages/webcas07.png>]
<external/images/webcas09.png, id=853, 468.75125pt x 107.40125pt>
File: external/images/webcas09.png Graphic file (type png)
<use external/images/webcas09.png>
Package luatex.def Info: external/images/webcas09.png  used on input line 2334.

(luatex.def)             Requested size: 256.05pt x 58.66606pt.
<external/images/webcas10.png, id=856, 502.87875pt x 115.43124pt>
File: external/images/webcas10.png Graphic file (type png)
<use external/images/webcas10.png>
Package luatex.def Info: external/images/webcas10.png  used on input line 2341.

(luatex.def)             Requested size: 256.05pt x 58.77403pt.

************************************************
Subsection 1.4.3 Click to Pivot in WebCAS
************************************************



Overfull \hbox (32.06451pt too wide) has occurred while \output is active
\TU/lmr/m/sl/10 CHAP-TER 1. BACK-GROUND MATH-E-MAT-ICS FOR LIN-EAR OP-TI-MIZA-TI
ON \TU/lmr/m/n/10 34
 []

[34<./external/images/webcas08.png><./external/images/webcas09.png><./external/i
mages/webcas10.png><./external/images/matrix-movie.png>]
************************************************
Chapter 2 Developing Linear Models
************************************************



Overfull \hbox (32.06451pt too wide) has occurred while \output is active
\TU/lmr/m/sl/10 CHAP-TER 1. BACK-GROUND MATH-E-MAT-ICS FOR LIN-EAR OP-TI-MIZA-TI
ON \TU/lmr/m/n/10 35
 []

[35]
Chapter 2.
************************************************
Section 2.1 Introduction to Linear Optimization
************************************************


[36

]

[37]
************************************************
Subsection 2.1.1 Creating Linear Models
************************************************


[38]
Overfull \hbox (7.31462pt too wide) detected at line 2602
[]
 []



[39]

[40]
************************************************
Subsection 2.1.2 Non-Obvious Linear Optimization Problems
************************************************


[41]
Overfull \hbox (38.51001pt too wide) in paragraph at lines 2705--2715
 [][] 
 []



[42]
************************************************
Subsubsection 2.1.2.1 LOP Formulation of \(n\)-queens Problem
************************************************


[43]
************************************************
Section 2.2 Linear Optimization Problems
************************************************
************************************************
Subsection 2.2.1 Definitions and Conventions
************************************************


[44]
************************************************
Subsection 2.2.2 Standard Form
************************************************


[45]
************************************************
Subsection 2.2.3 General and Matrix Forms of an LOP
************************************************


[46]
************************************************
Section 2.3 Geometry of Feasible Sets
************************************************


[47]
************************************************
Subsection 2.3.1 Geometry of 2D Feasible Sets
************************************************


[48]

[49]

[50]
************************************************
Subsection 2.3.2 Solving LOPs \textemdash {} Possible Algorithm
************************************************
************************************************
Subsection 2.3.3 Feasible Sets are Convex
************************************************


[51]
************************************************
Chapter 3 The Simplex Method
************************************************


[52]
Chapter 3.
************************************************
Section 3.1 Slack Variables and Dictionaries
************************************************
************************************************
Subsection 3.1.1 Slack Variables
************************************************


[53

]
************************************************
Subsection 3.1.2 The Dictionary for an LOP
************************************************


[54]
************************************************
Subsection 3.1.3 Basic Solutions
************************************************


[55]

[56]
************************************************
Subsection 3.1.4 Developing the Simplex Method
************************************************


[57]

[58]

[59]
************************************************
Section 3.2 Tableaus and the Simplex Method
************************************************
************************************************
Subsection 3.2.1 Introduction to tableaus
************************************************


[60]

[61]
************************************************
Subsection 3.2.2 Operations on Tableaus
************************************************


[62]
************************************************
Subsection 3.2.3 Performing Tableau Operations with WebCAS
************************************************


[63]
************************************************
Subsection 3.2.4 Phase II of the Simplex Method
************************************************


[64]
Overfull \hbox (193.63847pt too wide) detected at line 3936
[][]
 []



[65]

[66]
************************************************
Section 3.3 Simplex Method for Infeasible Tableaus
************************************************


[67]
************************************************
Subsection 3.3.1 Infeasible Tableaus
************************************************


[68]

[69]
************************************************
Subsection 3.3.2 Phase I of the Simplex Method
************************************************


[70]

[71]

[72]
************************************************
Subsection 3.3.3 Summary of the Simplex Method
************************************************
************************************************
Section 3.4 Infeasibility and Unboundedness
************************************************


[73]
************************************************
Subsection 3.4.1 Unbounded Problems
************************************************


[74]
************************************************
Subsection 3.4.2 Infeasibility
************************************************


[75]

[76]
************************************************
Section 3.5 Summary of the Simplex Method
************************************************


[77]

[78]

[79]
************************************************
Chapter 4 Integer Linear Optimization Problems
************************************************


[80]
Chapter 4.
************************************************
Section 4.1 Introduction to Integer Linear Optimization Problems
************************************************


[81

]

[82]
************************************************
Section 4.2 Cutting Planes
************************************************


[83]
************************************************
Subsection 4.2.1 Finding Cutting Planes
************************************************


[84]

[85]

[86]
************************************************
Subsection 4.2.2 Gomory's Method
************************************************


[87]

[88]

[89]
Overfull \hbox (11.86726pt too wide) detected at line 5648
[]
 []



[90]

[91]

[92]

[93]

[94]
************************************************
Section 4.3 Branch and Bound
************************************************


[95]

[96]

[97]

[98]
************************************************
Subsection 4.3.1 A Branch and Bound Flowchart
************************************************

Overfull \hbox (5.7561pt too wide) detected at line 5937
[]
 []

************************************************
Subsection 4.3.2 Systematic Branch and Bound Algorithm
************************************************


[99]

[100]

[101]

[102]

[103]

[104]

[105]

[106]
************************************************
Chapter 5 Solving Linear Optimization Problems using Software
************************************************


[107]
Chapter 5.
************************************************
Section 5.1 Introduction to the Julia Language
************************************************

Package hyperref Warning: Suppressing link with empty target on input line 6324
.



[108

]
************************************************
Subsection 5.1.1 Basics of Julia
************************************************
\g__tcobox_out_iow=\write7

\openout7 = main.listing
(./main.listing)
\openout7 = main.listing
 (./main.listing)
************************************************
Subsection 5.1.2 For Loops
************************************************

\openout7 = main.listing
(./main.listing)
\openout7 = main.listing
 (./main.listing)
\openout7 = main.listing
 (./main.listing)


Overfull \hbox (58.1334pt too wide) has occurred while \output is active
\TU/lmr/m/sl/10 CHAP-TER 5. SOLV-ING LIN-EAR OP-TI-MIZA-TION PROB-LEMS US-ING SO
FT-WARE \TU/lmr/m/n/10 109
 []

[109]
************************************************
Subsection 5.1.3 Number Types in Julia
************************************************

\openout7 = main.listing
(./main.listing)
\openout7 = main.listing
 (./main.listing)
************************************************
Subsection 5.1.4 Unicode Characters in Julia
************************************************
************************************************
Subsection 5.1.5 Packages in Julia
************************************************
Missing character: There is no ≤ (U+2264) in font [lmroman10-regular]:+tlig;!
Missing character: There is no ≤ (U+2264) in font [lmroman10-regular]:+tlig;!
Missing character: There is no ≤ (U+2264) in font [lmroman10-regular]:+tlig;!



Overfull \hbox (58.1334pt too wide) has occurred while \output is active
\TU/lmr/m/sl/10 CHAP-TER 5. SOLV-ING LIN-EAR OP-TI-MIZA-TION PROB-LEMS US-ING SO
FT-WARE \TU/lmr/m/n/10 110
 []

[110
Missing character: There is no ≤ (U+2264) in font [lmroman10-regular]:+tlig;!
]
\openout7 = main.listing
 (./main.listing)
************************************************
Section 5.2 Vectors and Matrices in Julia
************************************************
************************************************
Subsection 5.2.1 Vectors in Julia
************************************************



Overfull \hbox (58.1334pt too wide) has occurred while \output is active
\TU/lmr/m/sl/10 CHAP-TER 5. SOLV-ING LIN-EAR OP-TI-MIZA-TION PROB-LEMS US-ING SO
FT-WARE \TU/lmr/m/n/10 111
 []

[111]
************************************************
Subsection 5.2.2 Matrices in Julia
************************************************

\openout7 = main.listing
(./main.listing)
************************************************
Subsection 5.2.3 Accessing elements in a Vector or Matrix
************************************************



Overfull \hbox (58.1334pt too wide) has occurred while \output is active
\TU/lmr/m/sl/10 CHAP-TER 5. SOLV-ING LIN-EAR OP-TI-MIZA-TION PROB-LEMS US-ING SO
FT-WARE \TU/lmr/m/n/10 112
 []

[112]
************************************************
Subsection 5.2.4 Constructing Vectors and Matrices with Comprehensions
************************************************

\openout7 = main.listing
(./main.listing)
************************************************
Subsection 5.2.5 Broadcasting
************************************************
************************************************
Subsection 5.2.6 Concatenating Matrices in Julia
************************************************

\openout7 = main.listing
(./main.listing)


Overfull \hbox (58.1334pt too wide) has occurred while \output is active
\TU/lmr/m/sl/10 CHAP-TER 5. SOLV-ING LIN-EAR OP-TI-MIZA-TION PROB-LEMS US-ING SO
FT-WARE \TU/lmr/m/n/10 113
 []

[113]
\openout7 = main.listing
 (./main.listing)
\openout7 = main.listing
 (./main.listing)
************************************************
Subsection 5.2.7 Submatrices in Julia
************************************************



Overfull \hbox (58.1334pt too wide) has occurred while \output is active
\TU/lmr/m/sl/10 CHAP-TER 5. SOLV-ING LIN-EAR OP-TI-MIZA-TION PROB-LEMS US-ING SO
FT-WARE \TU/lmr/m/n/10 114
 []

[114]
************************************************
Subsection 5.2.8 Creating Rational Matrices in Julia
************************************************

\openout7 = main.listing
(./main.listing)
\openout7 = main.listing
 (./main.listing)
************************************************
Section 5.3 Linear Algebra in Julia
************************************************



Overfull \hbox (58.1334pt too wide) has occurred while \output is active
\TU/lmr/m/sl/10 CHAP-TER 5. SOLV-ING LIN-EAR OP-TI-MIZA-TION PROB-LEMS US-ING SO
FT-WARE \TU/lmr/m/n/10 115
 []

[115]
************************************************
Subsection 5.3.1 Basic Matrix Operations in Julia
************************************************

\openout7 = main.listing
(./main.listing)
************************************************
Subsection 5.3.2 Other Matrix Operations in Julia
************************************************



Overfull \hbox (58.1334pt too wide) has occurred while \output is active
\TU/lmr/m/sl/10 CHAP-TER 5. SOLV-ING LIN-EAR OP-TI-MIZA-TION PROB-LEMS US-ING SO
FT-WARE \TU/lmr/m/n/10 116
 []

[116]
Overfull \hbox (48.26347pt too wide) in paragraph at lines 6878--6879
[]\TU/lmr/m/n/10 then the de-ter-mi-nant of this can be found with \TU/Inconsol
atazi4-Regular.otf(0)/m/n/10 det(A) \TU/lmr/m/n/10 re-turn-ing \TU/Inconsolataz
i4-Regular.otf(0)/m/n/10 -1.0658141036401493e-
 []

LaTeX Font Info:    Trying to load font information for TS1+Inconsolatazi4-Regu
lar.otf(0) on input line 6893.
LaTeX Font Info:    No file TS1Inconsolatazi4-Regular.otf(0).fd. on input line 
6893.

LaTeX Font Warning: Font shape `TS1/Inconsolatazi4-Regular.otf(0)/m/n' undefine
d
(Font)              using `TS1/cmr/m/n' instead
(Font)              for symbol `textquotesingle' on input line 6893.

Package microtype Info: Loading generic protrusion settings for font family
(microtype)             `Inconsolatazi4-Regular.otf' (encoding: TS1).
(microtype)             For optimal results, create family-specific settings.
(microtype)             See the microtype manual for details.
************************************************
Subsection 5.3.3 Matrix Inverse in Julia
************************************************

\openout7 = main.listing
(./main.listing)
************************************************
Section 5.4 Julia Packages for LOPs
************************************************



Overfull \hbox (58.1334pt too wide) has occurred while \output is active
\TU/lmr/m/sl/10 CHAP-TER 5. SOLV-ING LIN-EAR OP-TI-MIZA-TION PROB-LEMS US-ING SO
FT-WARE \TU/lmr/m/n/10 117
 []

[117]
************************************************
Subsection 5.4.1 Setting up an LOP using JuMP
************************************************

\openout7 = main.listing
(./main.listing)
\openout7 = main.listing
 (./main.listing)
Missing character: There is no ├ (U+251C) in font [Inconsolatazi4-Regular.otf]
:mode=node;script=latn;language=dflt;+ss01;+ss03;!
Missing character: There is no ├ (U+251C) in font [Inconsolatazi4-Regular.otf]
:mode=node;script=latn;language=dflt;+ss01;+ss03;!
Missing character: There is no ├ (U+251C) in font [Inconsolatazi4-Regular.otf]
:mode=node;script=latn;language=dflt;+ss01;+ss03;!
Missing character: There is no ├ (U+251C) in font [Inconsolatazi4-Regular.otf]
:mode=node;script=latn;language=dflt;+ss01;+ss03;!



Overfull \hbox (58.1334pt too wide) has occurred while \output is active
\TU/lmr/m/sl/10 CHAP-TER 5. SOLV-ING LIN-EAR OP-TI-MIZA-TION PROB-LEMS US-ING SO
FT-WARE \TU/lmr/m/n/10 118
 []

[118]
Missing character: There is no └ (U+2514) in font [Inconsolatazi4-Regular.otf]
:mode=node;script=latn;language=dflt;+ss01;+ss03;!

\openout7 = main.listing
(./main.listing
Missing character: There is no ₁ (U+2081) in font [Inconsolatazi4-Regular.otf]
:mode=node;script=latn;language=dflt;+ss01;+ss03;!
Missing character: There is no ≥ (U+2265) in font [Inconsolatazi4-Regular.otf]
:mode=node;script=latn;language=dflt;+ss01;+ss03;!
Missing character: There is no ₁ (U+2081) in font [Inconsolatazi4-Regular.otf]
:mode=node;script=latn;language=dflt;+ss01;+ss03;!
Missing character: There is no ≥ (U+2265) in font [Inconsolatazi4-Regular.otf]
:mode=node;script=latn;language=dflt;+ss01;+ss03;!
)
Missing character: There is no ₂ (U+2082) in font [Inconsolatazi4-Regular.otf]
:mode=node;script=latn;language=dflt;+ss01;+ss03;!
Missing character: There is no ≥ (U+2265) in font [Inconsolatazi4-Regular.otf]
:mode=node;script=latn;language=dflt;+ss01;+ss03;!
Missing character: There is no ₂ (U+2082) in font [Inconsolatazi4-Regular.otf]
:mode=node;script=latn;language=dflt;+ss01;+ss03;!
Missing character: There is no ≥ (U+2265) in font [Inconsolatazi4-Regular.otf]
:mode=node;script=latn;language=dflt;+ss01;+ss03;!
Missing character: There is no ₁ (U+2081) in font [Inconsolatazi4-Regular.otf]
:mode=node;script=latn;language=dflt;+ss01;+ss03;!
Missing character: There is no ₂ (U+2082) in font [Inconsolatazi4-Regular.otf]
:mode=node;script=latn;language=dflt;+ss01;+ss03;!
Missing character: There is no ₁ (U+2081) in font [Inconsolatazi4-Regular.otf]
:mode=node;script=latn;language=dflt;+ss01;+ss03;!
Missing character: There is no ₂ (U+2082) in font [Inconsolatazi4-Regular.otf]
:mode=node;script=latn;language=dflt;+ss01;+ss03;!
Missing character: There is no ₁ (U+2081) in font [Inconsolatazi4-Regular.otf]
:mode=node;script=latn;language=dflt;+ss01;+ss03;!
Missing character: There is no ₂ (U+2082) in font [Inconsolatazi4-Regular.otf]
:mode=node;script=latn;language=dflt;+ss01;+ss03;!

\openout7 = main.listing
(./main.listing
Missing character: There is no ₁ (U+2081) in font [Inconsolatazi4-Regular.otf]
:mode=node;script=latn;language=dflt;+ss01;+ss03;!
Missing character: There is no ₂ (U+2082) in font [Inconsolatazi4-Regular.otf]
:mode=node;script=latn;language=dflt;+ss01;+ss03;!
Missing character: There is no ≤ (U+2264) in font [Inconsolatazi4-Regular.otf]
:mode=node;script=latn;language=dflt;+ss01;+ss03;!
Missing character: There is no ₁ (U+2081) in font [Inconsolatazi4-Regular.otf]
:mode=node;script=latn;language=dflt;+ss01;+ss03;!
Missing character: There is no ₂ (U+2082) in font [Inconsolatazi4-Regular.otf]
:mode=node;script=latn;language=dflt;+ss01;+ss03;!
Missing character: There is no ≤ (U+2264) in font [Inconsolatazi4-Regular.otf]
:mode=node;script=latn;language=dflt;+ss01;+ss03;!
Missing character: There is no ₁ (U+2081) in font [Inconsolatazi4-Regular.otf]
:mode=node;script=latn;language=dflt;+ss01;+ss03;!
Missing character: There is no ₂ (U+2082) in font [Inconsolatazi4-Regular.otf]
:mode=node;script=latn;language=dflt;+ss01;+ss03;!
Missing character: There is no ≤ (U+2264) in font [Inconsolatazi4-Regular.otf]
:mode=node;script=latn;language=dflt;+ss01;+ss03;!
Missing character: There is no ₁ (U+2081) in font [Inconsolatazi4-Regular.otf]
:mode=node;script=latn;language=dflt;+ss01;+ss03;!
Missing character: There is no ₂ (U+2082) in font [Inconsolatazi4-Regular.otf]
:mode=node;script=latn;language=dflt;+ss01;+ss03;!
Missing character: There is no ≤ (U+2264) in font [Inconsolatazi4-Regular.otf]
:mode=node;script=latn;language=dflt;+ss01;+ss03;!
)
Missing character: There is no ₂ (U+2082) in font [Inconsolatazi4-Regular.otf]
:mode=node;script=latn;language=dflt;+ss01;+ss03;!
Missing character: There is no ≤ (U+2264) in font [Inconsolatazi4-Regular.otf]
:mode=node;script=latn;language=dflt;+ss01;+ss03;!
Missing character: There is no ₂ (U+2082) in font [Inconsolatazi4-Regular.otf]
:mode=node;script=latn;language=dflt;+ss01;+ss03;!
Missing character: There is no ≤ (U+2264) in font [Inconsolatazi4-Regular.otf]
:mode=node;script=latn;language=dflt;+ss01;+ss03;!

\openout7 = main.listing
(./main.listing)
Missing character: There is no ₁ (U+2081) in font [Inconsolatazi4-Regular.otf]
:mode=node;script=latn;language=dflt;+ss01;+ss03;!
Missing character: There is no ₂ (U+2082) in font [Inconsolatazi4-Regular.otf]
:mode=node;script=latn;language=dflt;+ss01;+ss03;!
Missing character: There is no ₁ (U+2081) in font [Inconsolatazi4-Regular.otf]
:mode=node;script=latn;language=dflt;+ss01;+ss03;!
Missing character: There is no ₂ (U+2082) in font [Inconsolatazi4-Regular.otf]
:mode=node;script=latn;language=dflt;+ss01;+ss03;!
Missing character: There is no ₁ (U+2081) in font [Inconsolatazi4-Regular.otf]
:mode=node;script=latn;language=dflt;+ss01;+ss03;!
Missing character: There is no ₂ (U+2082) in font [Inconsolatazi4-Regular.otf]
:mode=node;script=latn;language=dflt;+ss01;+ss03;!
Missing character: There is no ₁ (U+2081) in font [Inconsolatazi4-Regular.otf]
:mode=node;script=latn;language=dflt;+ss01;+ss03;!
Missing character: There is no ₂ (U+2082) in font [Inconsolatazi4-Regular.otf]
:mode=node;script=latn;language=dflt;+ss01;+ss03;!
Missing character: There is no ≤ (U+2264) in font [Inconsolatazi4-Regular.otf]
:mode=node;script=latn;language=dflt;+ss01;+ss03;!
Missing character: There is no ₁ (U+2081) in font [Inconsolatazi4-Regular.otf]
:mode=node;script=latn;language=dflt;+ss01;+ss03;!
Missing character: There is no ₂ (U+2082) in font [Inconsolatazi4-Regular.otf]
:mode=node;script=latn;language=dflt;+ss01;+ss03;!
Missing character: There is no ≤ (U+2264) in font [Inconsolatazi4-Regular.otf]
:mode=node;script=latn;language=dflt;+ss01;+ss03;!
Missing character: There is no ₂ (U+2082) in font [Inconsolatazi4-Regular.otf]
:mode=node;script=latn;language=dflt;+ss01;+ss03;!
Missing character: There is no ≤ (U+2264) in font [Inconsolatazi4-Regular.otf]
:mode=node;script=latn;language=dflt;+ss01;+ss03;!
Missing character: There is no ₁ (U+2081) in font [Inconsolatazi4-Regular.otf]
:mode=node;script=latn;language=dflt;+ss01;+ss03;!
Missing character: There is no ≥ (U+2265) in font [Inconsolatazi4-Regular.otf]
:mode=node;script=latn;language=dflt;+ss01;+ss03;!
Missing character: There is no ₂ (U+2082) in font [Inconsolatazi4-Regular.otf]
:mode=node;script=latn;language=dflt;+ss01;+ss03;!
Missing character: There is no ≥ (U+2265) in font [Inconsolatazi4-Regular.otf]
:mode=node;script=latn;language=dflt;+ss01;+ss03;!

\openout7 = main.listing
(./main.listing)


Overfull \hbox (58.1334pt too wide) has occurred while \output is active
\TU/lmr/m/sl/10 CHAP-TER 5. SOLV-ING LIN-EAR OP-TI-MIZA-TION PROB-LEMS US-ING SO
FT-WARE \TU/lmr/m/n/10 119
 []

[119
Missing character: There is no ├ (U+251C) in font [Inconsolatazi4-Regular.otf]
:mode=node;script=latn;language=dflt;+ss01;+ss03;!
Missing character: There is no ├ (U+251C) in font [Inconsolatazi4-Regular.otf]
:mode=node;script=latn;language=dflt;+ss01;+ss03;!
Missing character: There is no ├ (U+251C) in font [Inconsolatazi4-Regular.otf]
:mode=node;script=latn;language=dflt;+ss01;+ss03;!
Missing character: There is no ├ (U+251C) in font [Inconsolatazi4-Regular.otf]
:mode=node;script=latn;language=dflt;+ss01;+ss03;!
Missing character: There is no └ (U+2514) in font [Inconsolatazi4-Regular.otf]
:mode=node;script=latn;language=dflt;+ss01;+ss03;!
Missing character: There is no ₁ (U+2081) in font [Inconsolatazi4-Regular.otf]
:mode=node;script=latn;language=dflt;+ss01;+ss03;!
Missing character: There is no ≥ (U+2265) in font [Inconsolatazi4-Regular.otf]
:mode=node;script=latn;language=dflt;+ss01;+ss03;!
Missing character: There is no ₂ (U+2082) in font [Inconsolatazi4-Regular.otf]
:mode=node;script=latn;language=dflt;+ss01;+ss03;!
Missing character: There is no ≥ (U+2265) in font [Inconsolatazi4-Regular.otf]
:mode=node;script=latn;language=dflt;+ss01;+ss03;!
Missing character: There is no ₁ (U+2081) in font [Inconsolatazi4-Regular.otf]
:mode=node;script=latn;language=dflt;+ss01;+ss03;!
Missing character: There is no ₂ (U+2082) in font [Inconsolatazi4-Regular.otf]
:mode=node;script=latn;language=dflt;+ss01;+ss03;!
Missing character: There is no ₁ (U+2081) in font [Inconsolatazi4-Regular.otf]
:mode=node;script=latn;language=dflt;+ss01;+ss03;!
Missing character: There is no ₂ (U+2082) in font [Inconsolatazi4-Regular.otf]
:mode=node;script=latn;language=dflt;+ss01;+ss03;!
Missing character: There is no ≤ (U+2264) in font [Inconsolatazi4-Regular.otf]
:mode=node;script=latn;language=dflt;+ss01;+ss03;!
Missing character: There is no ₁ (U+2081) in font [Inconsolatazi4-Regular.otf]
:mode=node;script=latn;language=dflt;+ss01;+ss03;!
Missing character: There is no ₂ (U+2082) in font [Inconsolatazi4-Regular.otf]
:mode=node;script=latn;language=dflt;+ss01;+ss03;!
Missing character: There is no ≤ (U+2264) in font [Inconsolatazi4-Regular.otf]
:mode=node;script=latn;language=dflt;+ss01;+ss03;!
Missing character: There is no ₂ (U+2082) in font [Inconsolatazi4-Regular.otf]
:mode=node;script=latn;language=dflt;+ss01;+ss03;!
Missing character: There is no ≤ (U+2264) in font [Inconsolatazi4-Regular.otf]
:mode=node;script=latn;language=dflt;+ss01;+ss03;!
Missing character: There is no ₁ (U+2081) in font [Inconsolatazi4-Regular.otf]
:mode=node;script=latn;language=dflt;+ss01;+ss03;!
Missing character: There is no ₂ (U+2082) in font [Inconsolatazi4-Regular.otf]
:mode=node;script=latn;language=dflt;+ss01;+ss03;!
Missing character: There is no ₁ (U+2081) in font [Inconsolatazi4-Regular.otf]
:mode=node;script=latn;language=dflt;+ss01;+ss03;!
Missing character: There is no ₂ (U+2082) in font [Inconsolatazi4-Regular.otf]
:mode=node;script=latn;language=dflt;+ss01;+ss03;!
Missing character: There is no ₁ (U+2081) in font [Inconsolatazi4-Regular.otf]
:mode=node;script=latn;language=dflt;+ss01;+ss03;!
Missing character: There is no ₂ (U+2082) in font [Inconsolatazi4-Regular.otf]
:mode=node;script=latn;language=dflt;+ss01;+ss03;!
Missing character: There is no ≤ (U+2264) in font [Inconsolatazi4-Regular.otf]
:mode=node;script=latn;language=dflt;+ss01;+ss03;!
Missing character: There is no ₁ (U+2081) in font [Inconsolatazi4-Regular.otf]
:mode=node;script=latn;language=dflt;+ss01;+ss03;!
Missing character: There is no ₂ (U+2082) in font [Inconsolatazi4-Regular.otf]
:mode=node;script=latn;language=dflt;+ss01;+ss03;!
Missing character: There is no ≤ (U+2264) in font [Inconsolatazi4-Regular.otf]
:mode=node;script=latn;language=dflt;+ss01;+ss03;!
Missing character: There is no ₂ (U+2082) in font [Inconsolatazi4-Regular.otf]
:mode=node;script=latn;language=dflt;+ss01;+ss03;!
Missing character: There is no ≤ (U+2264) in font [Inconsolatazi4-Regular.otf]
:mode=node;script=latn;language=dflt;+ss01;+ss03;!
Missing character: There is no ₁ (U+2081) in font [Inconsolatazi4-Regular.otf]
:mode=node;script=latn;language=dflt;+ss01;+ss03;!
Missing character: There is no ≥ (U+2265) in font [Inconsolatazi4-Regular.otf]
:mode=node;script=latn;language=dflt;+ss01;+ss03;!
Missing character: There is no ₂ (U+2082) in font [Inconsolatazi4-Regular.otf]
:mode=node;script=latn;language=dflt;+ss01;+ss03;!
Missing character: There is no ≥ (U+2265) in font [Inconsolatazi4-Regular.otf]
:mode=node;script=latn;language=dflt;+ss01;+ss03;!
]
\openout7 = main.listing
 (./main.listing)
\openout7 = main.listing
 (./main.listing)
Missing character: There is no ₁ (U+2081) in font [Inconsolatazi4-Regular.otf]
:mode=node;script=latn;language=dflt;+ss01;+ss03;!
Missing character: There is no ₂ (U+2082) in font [Inconsolatazi4-Regular.otf]
:mode=node;script=latn;language=dflt;+ss01;+ss03;!
Missing character: There is no ₁ (U+2081) in font [Inconsolatazi4-Regular.otf]
:mode=node;script=latn;language=dflt;+ss01;+ss03;!
Missing character: There is no ₂ (U+2082) in font [Inconsolatazi4-Regular.otf]
:mode=node;script=latn;language=dflt;+ss01;+ss03;!

Overfull \hbox (16.91306pt too wide) in paragraph at lines 7085--7088
[]\TU/lmr/m/n/10 the re-sult is \TU/Inconsolatazi4-Regular.otf(0)/m/n/10 (8.0, 
16.0)\TU/lmr/m/n/10 . The ob-jec-tive value is found with \TU/Inconsolatazi4-Re
gular.otf(0)/m/n/10 objective_va󰀒ue(m)
 []


\openout7 = main.listing
(./main.listing
Missing character: There is no ₁ (U+2081) in font [Inconsolatazi4-Regular.otf]
:mode=node;script=latn;language=dflt;+ss01;+ss03;!
Missing character: There is no ≥ (U+2265) in font [Inconsolatazi4-Regular.otf]
:mode=node;script=latn;language=dflt;+ss01;+ss03;!
Missing character: There is no ₁ (U+2081) in font [Inconsolatazi4-Regular.otf]
:mode=node;script=latn;language=dflt;+ss01;+ss03;!
Missing character: There is no ≥ (U+2265) in font [Inconsolatazi4-Regular.otf]
:mode=node;script=latn;language=dflt;+ss01;+ss03;!
Missing character: There is no ₂ (U+2082) in font [Inconsolatazi4-Regular.otf]
:mode=node;script=latn;language=dflt;+ss01;+ss03;!
Missing character: There is no ≥ (U+2265) in font [Inconsolatazi4-Regular.otf]
:mode=node;script=latn;language=dflt;+ss01;+ss03;!
Missing character: There is no ₂ (U+2082) in font [Inconsolatazi4-Regular.otf]
:mode=node;script=latn;language=dflt;+ss01;+ss03;!
Missing character: There is no ≥ (U+2265) in font [Inconsolatazi4-Regular.otf]
:mode=node;script=latn;language=dflt;+ss01;+ss03;!
Missing character: There is no ₃ (U+2083) in font [Inconsolatazi4-Regular.otf]
:mode=node;script=latn;language=dflt;+ss01;+ss03;!
Missing character: There is no ≥ (U+2265) in font [Inconsolatazi4-Regular.otf]
:mode=node;script=latn;language=dflt;+ss01;+ss03;!
Missing character: There is no ₃ (U+2083) in font [Inconsolatazi4-Regular.otf]
:mode=node;script=latn;language=dflt;+ss01;+ss03;!
Missing character: There is no ≥ (U+2265) in font [Inconsolatazi4-Regular.otf]
:mode=node;script=latn;language=dflt;+ss01;+ss03;!
Missing character: There is no ₁ (U+2081) in font [Inconsolatazi4-Regular.otf]
:mode=node;script=latn;language=dflt;+ss01;+ss03;!
Missing character: There is no ₂ (U+2082) in font [Inconsolatazi4-Regular.otf]
:mode=node;script=latn;language=dflt;+ss01;+ss03;!
Missing character: There is no ₃ (U+2083) in font [Inconsolatazi4-Regular.otf]
:mode=node;script=latn;language=dflt;+ss01;+ss03;!
Missing character: There is no ≥ (U+2265) in font [Inconsolatazi4-Regular.otf]
:mode=node;script=latn;language=dflt;+ss01;+ss03;!
Missing character: There is no ₁ (U+2081) in font [Inconsolatazi4-Regular.otf]
:mode=node;script=latn;language=dflt;+ss01;+ss03;!
Missing character: There is no ₂ (U+2082) in font [Inconsolatazi4-Regular.otf]
:mode=node;script=latn;language=dflt;+ss01;+ss03;!
Missing character: There is no ₃ (U+2083) in font [Inconsolatazi4-Regular.otf]
:mode=node;script=latn;language=dflt;+ss01;+ss03;!
Missing character: There is no ≥ (U+2265) in font [Inconsolatazi4-Regular.otf]
:mode=node;script=latn;language=dflt;+ss01;+ss03;!
Missing character: There is no ₁ (U+2081) in font [Inconsolatazi4-Regular.otf]
:mode=node;script=latn;language=dflt;+ss01;+ss03;!
Missing character: There is no ₂ (U+2082) in font [Inconsolatazi4-Regular.otf]
:mode=node;script=latn;language=dflt;+ss01;+ss03;!
Missing character: There is no ₃ (U+2083) in font [Inconsolatazi4-Regular.otf]
:mode=node;script=latn;language=dflt;+ss01;+ss03;!
Missing character: There is no ≥ (U+2265) in font [Inconsolatazi4-Regular.otf]
:mode=node;script=latn;language=dflt;+ss01;+ss03;!
Missing character: There is no ₁ (U+2081) in font [Inconsolatazi4-Regular.otf]
:mode=node;script=latn;language=dflt;+ss01;+ss03;!
Missing character: There is no ₂ (U+2082) in font [Inconsolatazi4-Regular.otf]
:mode=node;script=latn;language=dflt;+ss01;+ss03;!
Missing character: There is no ₃ (U+2083) in font [Inconsolatazi4-Regular.otf]
:mode=node;script=latn;language=dflt;+ss01;+ss03;!
Missing character: There is no ≥ (U+2265) in font [Inconsolatazi4-Regular.otf]
:mode=node;script=latn;language=dflt;+ss01;+ss03;!
Missing character: There is no ₁ (U+2081) in font [Inconsolatazi4-Regular.otf]
:mode=node;script=latn;language=dflt;+ss01;+ss03;!
Missing character: There is no ₂ (U+2082) in font [Inconsolatazi4-Regular.otf]
:mode=node;script=latn;language=dflt;+ss01;+ss03;!
Missing character: There is no ₃ (U+2083) in font [Inconsolatazi4-Regular.otf]
:mode=node;script=latn;language=dflt;+ss01;+ss03;!
Missing character: There is no ≥ (U+2265) in font [Inconsolatazi4-Regular.otf]
:mode=node;script=latn;language=dflt;+ss01;+ss03;!
Missing character: There is no ₁ (U+2081) in font [Inconsolatazi4-Regular.otf]
:mode=node;script=latn;language=dflt;+ss01;+ss03;!
Missing character: There is no ₂ (U+2082) in font [Inconsolatazi4-Regular.otf]
:mode=node;script=latn;language=dflt;+ss01;+ss03;!
Missing character: There is no ₃ (U+2083) in font [Inconsolatazi4-Regular.otf]
:mode=node;script=latn;language=dflt;+ss01;+ss03;!
Missing character: There is no ≥ (U+2265) in font [Inconsolatazi4-Regular.otf]
:mode=node;script=latn;language=dflt;+ss01;+ss03;!
Missing character: There is no ₁ (U+2081) in font [Inconsolatazi4-Regular.otf]
:mode=node;script=latn;language=dflt;+ss01;+ss03;!
Missing character: There is no ₂ (U+2082) in font [Inconsolatazi4-Regular.otf]
:mode=node;script=latn;language=dflt;+ss01;+ss03;!
Missing character: There is no ₃ (U+2083) in font [Inconsolatazi4-Regular.otf]
:mode=node;script=latn;language=dflt;+ss01;+ss03;!
Missing character: There is no ₁ (U+2081) in font [Inconsolatazi4-Regular.otf]
:mode=node;script=latn;language=dflt;+ss01;+ss03;!
Missing character: There is no ₂ (U+2082) in font [Inconsolatazi4-Regular.otf]
:mode=node;script=latn;language=dflt;+ss01;+ss03;!
Missing character: There is no ₃ (U+2083) in font [Inconsolatazi4-Regular.otf]
:mode=node;script=latn;language=dflt;+ss01;+ss03;!
)
Missing character: There is no ₁ (U+2081) in font [Inconsolatazi4-Regular.otf]
:mode=node;script=latn;language=dflt;+ss01;+ss03;!
Missing character: There is no ₂ (U+2082) in font [Inconsolatazi4-Regular.otf]
:mode=node;script=latn;language=dflt;+ss01;+ss03;!
Missing character: There is no ₃ (U+2083) in font [Inconsolatazi4-Regular.otf]
:mode=node;script=latn;language=dflt;+ss01;+ss03;!
Missing character: There is no ₁ (U+2081) in font [Inconsolatazi4-Regular.otf]
:mode=node;script=latn;language=dflt;+ss01;+ss03;!
Missing character: There is no ₂ (U+2082) in font [Inconsolatazi4-Regular.otf]
:mode=node;script=latn;language=dflt;+ss01;+ss03;!
Missing character: There is no ₃ (U+2083) in font [Inconsolatazi4-Regular.otf]
:mode=node;script=latn;language=dflt;+ss01;+ss03;!
Missing character: There is no ≥ (U+2265) in font [Inconsolatazi4-Regular.otf]
:mode=node;script=latn;language=dflt;+ss01;+ss03;!
Missing character: There is no ₁ (U+2081) in font [Inconsolatazi4-Regular.otf]
:mode=node;script=latn;language=dflt;+ss01;+ss03;!
Missing character: There is no ₂ (U+2082) in font [Inconsolatazi4-Regular.otf]
:mode=node;script=latn;language=dflt;+ss01;+ss03;!
Missing character: There is no ₃ (U+2083) in font [Inconsolatazi4-Regular.otf]
:mode=node;script=latn;language=dflt;+ss01;+ss03;!
Missing character: There is no ≥ (U+2265) in font [Inconsolatazi4-Regular.otf]
:mode=node;script=latn;language=dflt;+ss01;+ss03;!
Missing character: There is no ₁ (U+2081) in font [Inconsolatazi4-Regular.otf]
:mode=node;script=latn;language=dflt;+ss01;+ss03;!
Missing character: There is no ₂ (U+2082) in font [Inconsolatazi4-Regular.otf]
:mode=node;script=latn;language=dflt;+ss01;+ss03;!
Missing character: There is no ₃ (U+2083) in font [Inconsolatazi4-Regular.otf]
:mode=node;script=latn;language=dflt;+ss01;+ss03;!
Missing character: There is no ≥ (U+2265) in font [Inconsolatazi4-Regular.otf]
:mode=node;script=latn;language=dflt;+ss01;+ss03;!
Missing character: There is no ₁ (U+2081) in font [Inconsolatazi4-Regular.otf]
:mode=node;script=latn;language=dflt;+ss01;+ss03;!
Missing character: There is no ₂ (U+2082) in font [Inconsolatazi4-Regular.otf]
:mode=node;script=latn;language=dflt;+ss01;+ss03;!
Missing character: There is no ₃ (U+2083) in font [Inconsolatazi4-Regular.otf]
:mode=node;script=latn;language=dflt;+ss01;+ss03;!
Missing character: There is no ≤ (U+2264) in font [Inconsolatazi4-Regular.otf]
:mode=node;script=latn;language=dflt;+ss01;+ss03;!
Missing character: There is no ₁ (U+2081) in font [Inconsolatazi4-Regular.otf]
:mode=node;script=latn;language=dflt;+ss01;+ss03;!
Missing character: There is no ≥ (U+2265) in font [Inconsolatazi4-Regular.otf]
:mode=node;script=latn;language=dflt;+ss01;+ss03;!
Missing character: There is no ₂ (U+2082) in font [Inconsolatazi4-Regular.otf]
:mode=node;script=latn;language=dflt;+ss01;+ss03;!
Missing character: There is no ≥ (U+2265) in font [Inconsolatazi4-Regular.otf]
:mode=node;script=latn;language=dflt;+ss01;+ss03;!
Missing character: There is no ₃ (U+2083) in font [Inconsolatazi4-Regular.otf]
:mode=node;script=latn;language=dflt;+ss01;+ss03;!
Missing character: There is no ≥ (U+2265) in font [Inconsolatazi4-Regular.otf]
:mode=node;script=latn;language=dflt;+ss01;+ss03;!

\openout7 = main.listing
(./main.listing)
Missing character: There is no ₁ (U+2081) in font [Inconsolatazi4-Regular.otf]
:mode=node;script=latn;language=dflt;+ss01;+ss03;!
Missing character: There is no ₂ (U+2082) in font [Inconsolatazi4-Regular.otf]
:mode=node;script=latn;language=dflt;+ss01;+ss03;!
Missing character: There is no ₃ (U+2083) in font [Inconsolatazi4-Regular.otf]
:mode=node;script=latn;language=dflt;+ss01;+ss03;!



Overfull \hbox (58.1334pt too wide) has occurred while \output is active
\TU/lmr/m/sl/10 CHAP-TER 5. SOLV-ING LIN-EAR OP-TI-MIZA-TION PROB-LEMS US-ING SO
FT-WARE \TU/lmr/m/n/10 120
 []

[120
Missing character: There is no ₁ (U+2081) in font [Inconsolatazi4-Regular.otf]
:mode=node;script=latn;language=dflt;+ss01;+ss03;!
Missing character: There is no ₂ (U+2082) in font [Inconsolatazi4-Regular.otf]
:mode=node;script=latn;language=dflt;+ss01;+ss03;!
]
************************************************
Subsection 5.4.2 Where's the Simplex Method
************************************************
************************************************
Subsection 5.4.3 Infeasible and Unbounded Problems
************************************************



Overfull \hbox (58.1334pt too wide) has occurred while \output is active
\TU/lmr/m/sl/10 CHAP-TER 5. SOLV-ING LIN-EAR OP-TI-MIZA-TION PROB-LEMS US-ING SO
FT-WARE \TU/lmr/m/n/10 121
 []

[121
Missing character: There is no ₁ (U+2081) in font [Inconsolatazi4-Regular.otf]
:mode=node;script=latn;language=dflt;+ss01;+ss03;!
Missing character: There is no ≥ (U+2265) in font [Inconsolatazi4-Regular.otf]
:mode=node;script=latn;language=dflt;+ss01;+ss03;!
Missing character: There is no ₂ (U+2082) in font [Inconsolatazi4-Regular.otf]
:mode=node;script=latn;language=dflt;+ss01;+ss03;!
Missing character: There is no ≥ (U+2265) in font [Inconsolatazi4-Regular.otf]
:mode=node;script=latn;language=dflt;+ss01;+ss03;!
Missing character: There is no ₃ (U+2083) in font [Inconsolatazi4-Regular.otf]
:mode=node;script=latn;language=dflt;+ss01;+ss03;!
Missing character: There is no ≥ (U+2265) in font [Inconsolatazi4-Regular.otf]
:mode=node;script=latn;language=dflt;+ss01;+ss03;!
Missing character: There is no ₁ (U+2081) in font [Inconsolatazi4-Regular.otf]
:mode=node;script=latn;language=dflt;+ss01;+ss03;!
Missing character: There is no ₂ (U+2082) in font [Inconsolatazi4-Regular.otf]
:mode=node;script=latn;language=dflt;+ss01;+ss03;!
Missing character: There is no ₃ (U+2083) in font [Inconsolatazi4-Regular.otf]
:mode=node;script=latn;language=dflt;+ss01;+ss03;!
Missing character: There is no ≥ (U+2265) in font [Inconsolatazi4-Regular.otf]
:mode=node;script=latn;language=dflt;+ss01;+ss03;!
Missing character: There is no ₁ (U+2081) in font [Inconsolatazi4-Regular.otf]
:mode=node;script=latn;language=dflt;+ss01;+ss03;!
Missing character: There is no ₂ (U+2082) in font [Inconsolatazi4-Regular.otf]
:mode=node;script=latn;language=dflt;+ss01;+ss03;!
Missing character: There is no ₃ (U+2083) in font [Inconsolatazi4-Regular.otf]
:mode=node;script=latn;language=dflt;+ss01;+ss03;!
Missing character: There is no ≥ (U+2265) in font [Inconsolatazi4-Regular.otf]
:mode=node;script=latn;language=dflt;+ss01;+ss03;!
Missing character: There is no ₁ (U+2081) in font [Inconsolatazi4-Regular.otf]
:mode=node;script=latn;language=dflt;+ss01;+ss03;!
Missing character: There is no ₂ (U+2082) in font [Inconsolatazi4-Regular.otf]
:mode=node;script=latn;language=dflt;+ss01;+ss03;!
Missing character: There is no ₃ (U+2083) in font [Inconsolatazi4-Regular.otf]
:mode=node;script=latn;language=dflt;+ss01;+ss03;!
Missing character: There is no ≥ (U+2265) in font [Inconsolatazi4-Regular.otf]
:mode=node;script=latn;language=dflt;+ss01;+ss03;!
Missing character: There is no ₁ (U+2081) in font [Inconsolatazi4-Regular.otf]
:mode=node;script=latn;language=dflt;+ss01;+ss03;!
Missing character: There is no ₂ (U+2082) in font [Inconsolatazi4-Regular.otf]
:mode=node;script=latn;language=dflt;+ss01;+ss03;!
Missing character: There is no ₃ (U+2083) in font [Inconsolatazi4-Regular.otf]
:mode=node;script=latn;language=dflt;+ss01;+ss03;!
Missing character: There is no ₁ (U+2081) in font [Inconsolatazi4-Regular.otf]
:mode=node;script=latn;language=dflt;+ss01;+ss03;!
Missing character: There is no ₂ (U+2082) in font [Inconsolatazi4-Regular.otf]
:mode=node;script=latn;language=dflt;+ss01;+ss03;!
Missing character: There is no ₃ (U+2083) in font [Inconsolatazi4-Regular.otf]
:mode=node;script=latn;language=dflt;+ss01;+ss03;!
Missing character: There is no ₁ (U+2081) in font [Inconsolatazi4-Regular.otf]
:mode=node;script=latn;language=dflt;+ss01;+ss03;!
Missing character: There is no ₂ (U+2082) in font [Inconsolatazi4-Regular.otf]
:mode=node;script=latn;language=dflt;+ss01;+ss03;!
Missing character: There is no ₃ (U+2083) in font [Inconsolatazi4-Regular.otf]
:mode=node;script=latn;language=dflt;+ss01;+ss03;!
Missing character: There is no ≥ (U+2265) in font [Inconsolatazi4-Regular.otf]
:mode=node;script=latn;language=dflt;+ss01;+ss03;!
Missing character: There is no ₁ (U+2081) in font [Inconsolatazi4-Regular.otf]
:mode=node;script=latn;language=dflt;+ss01;+ss03;!
Missing character: There is no ₂ (U+2082) in font [Inconsolatazi4-Regular.otf]
:mode=node;script=latn;language=dflt;+ss01;+ss03;!
Missing character: There is no ₃ (U+2083) in font [Inconsolatazi4-Regular.otf]
:mode=node;script=latn;language=dflt;+ss01;+ss03;!
Missing character: There is no ≥ (U+2265) in font [Inconsolatazi4-Regular.otf]
:mode=node;script=latn;language=dflt;+ss01;+ss03;!
Missing character: There is no ₁ (U+2081) in font [Inconsolatazi4-Regular.otf]
:mode=node;script=latn;language=dflt;+ss01;+ss03;!
Missing character: There is no ₂ (U+2082) in font [Inconsolatazi4-Regular.otf]
:mode=node;script=latn;language=dflt;+ss01;+ss03;!
Missing character: There is no ₃ (U+2083) in font [Inconsolatazi4-Regular.otf]
:mode=node;script=latn;language=dflt;+ss01;+ss03;!
Missing character: There is no ≥ (U+2265) in font [Inconsolatazi4-Regular.otf]
:mode=node;script=latn;language=dflt;+ss01;+ss03;!
Missing character: There is no ₁ (U+2081) in font [Inconsolatazi4-Regular.otf]
:mode=node;script=latn;language=dflt;+ss01;+ss03;!
Missing character: There is no ₂ (U+2082) in font [Inconsolatazi4-Regular.otf]
:mode=node;script=latn;language=dflt;+ss01;+ss03;!
Missing character: There is no ₃ (U+2083) in font [Inconsolatazi4-Regular.otf]
:mode=node;script=latn;language=dflt;+ss01;+ss03;!
Missing character: There is no ≤ (U+2264) in font [Inconsolatazi4-Regular.otf]
:mode=node;script=latn;language=dflt;+ss01;+ss03;!
Missing character: There is no ₁ (U+2081) in font [Inconsolatazi4-Regular.otf]
:mode=node;script=latn;language=dflt;+ss01;+ss03;!
Missing character: There is no ≥ (U+2265) in font [Inconsolatazi4-Regular.otf]
:mode=node;script=latn;language=dflt;+ss01;+ss03;!
Missing character: There is no ₂ (U+2082) in font [Inconsolatazi4-Regular.otf]
:mode=node;script=latn;language=dflt;+ss01;+ss03;!
Missing character: There is no ≥ (U+2265) in font [Inconsolatazi4-Regular.otf]
:mode=node;script=latn;language=dflt;+ss01;+ss03;!
Missing character: There is no ₃ (U+2083) in font [Inconsolatazi4-Regular.otf]
:mode=node;script=latn;language=dflt;+ss01;+ss03;!
Missing character: There is no ≥ (U+2265) in font [Inconsolatazi4-Regular.otf]
:mode=node;script=latn;language=dflt;+ss01;+ss03;!
Missing character: There is no ₁ (U+2081) in font [Inconsolatazi4-Regular.otf]
:mode=node;script=latn;language=dflt;+ss01;+ss03;!
Missing character: There is no ₂ (U+2082) in font [Inconsolatazi4-Regular.otf]
:mode=node;script=latn;language=dflt;+ss01;+ss03;!
Missing character: There is no ₃ (U+2083) in font [Inconsolatazi4-Regular.otf]
:mode=node;script=latn;language=dflt;+ss01;+ss03;!
]
\openout7 = main.listing
 (./main.listing
Missing character: There is no ₁ (U+2081) in font [Inconsolatazi4-Regular.otf]
:mode=node;script=latn;language=dflt;+ss01;+ss03;!
Missing character: There is no ≥ (U+2265) in font [Inconsolatazi4-Regular.otf]
:mode=node;script=latn;language=dflt;+ss01;+ss03;!
Missing character: There is no ₁ (U+2081) in font [Inconsolatazi4-Regular.otf]
:mode=node;script=latn;language=dflt;+ss01;+ss03;!
Missing character: There is no ≥ (U+2265) in font [Inconsolatazi4-Regular.otf]
:mode=node;script=latn;language=dflt;+ss01;+ss03;!
Missing character: There is no ₂ (U+2082) in font [Inconsolatazi4-Regular.otf]
:mode=node;script=latn;language=dflt;+ss01;+ss03;!
Missing character: There is no ≥ (U+2265) in font [Inconsolatazi4-Regular.otf]
:mode=node;script=latn;language=dflt;+ss01;+ss03;!
Missing character: There is no ₂ (U+2082) in font [Inconsolatazi4-Regular.otf]
:mode=node;script=latn;language=dflt;+ss01;+ss03;!
Missing character: There is no ≥ (U+2265) in font [Inconsolatazi4-Regular.otf]
:mode=node;script=latn;language=dflt;+ss01;+ss03;!
Missing character: There is no ₁ (U+2081) in font [Inconsolatazi4-Regular.otf]
:mode=node;script=latn;language=dflt;+ss01;+ss03;!
Missing character: There is no ₂ (U+2082) in font [Inconsolatazi4-Regular.otf]
:mode=node;script=latn;language=dflt;+ss01;+ss03;!
Missing character: There is no ≤ (U+2264) in font [Inconsolatazi4-Regular.otf]
:mode=node;script=latn;language=dflt;+ss01;+ss03;!
Missing character: There is no ₁ (U+2081) in font [Inconsolatazi4-Regular.otf]
:mode=node;script=latn;language=dflt;+ss01;+ss03;!
Missing character: There is no ₂ (U+2082) in font [Inconsolatazi4-Regular.otf]
:mode=node;script=latn;language=dflt;+ss01;+ss03;!
Missing character: There is no ≤ (U+2264) in font [Inconsolatazi4-Regular.otf]
:mode=node;script=latn;language=dflt;+ss01;+ss03;!
Missing character: There is no ₁ (U+2081) in font [Inconsolatazi4-Regular.otf]
:mode=node;script=latn;language=dflt;+ss01;+ss03;!
Missing character: There is no ₂ (U+2082) in font [Inconsolatazi4-Regular.otf]
:mode=node;script=latn;language=dflt;+ss01;+ss03;!
Missing character: There is no ≤ (U+2264) in font [Inconsolatazi4-Regular.otf]
:mode=node;script=latn;language=dflt;+ss01;+ss03;!
Missing character: There is no ₁ (U+2081) in font [Inconsolatazi4-Regular.otf]
:mode=node;script=latn;language=dflt;+ss01;+ss03;!
Missing character: There is no ₂ (U+2082) in font [Inconsolatazi4-Regular.otf]
:mode=node;script=latn;language=dflt;+ss01;+ss03;!
Missing character: There is no ≤ (U+2264) in font [Inconsolatazi4-Regular.otf]
:mode=node;script=latn;language=dflt;+ss01;+ss03;!
Missing character: There is no ₁ (U+2081) in font [Inconsolatazi4-Regular.otf]
:mode=node;script=latn;language=dflt;+ss01;+ss03;!
Missing character: There is no ₂ (U+2082) in font [Inconsolatazi4-Regular.otf]
:mode=node;script=latn;language=dflt;+ss01;+ss03;!
Missing character: There is no ≤ (U+2264) in font [Inconsolatazi4-Regular.otf]
:mode=node;script=latn;language=dflt;+ss01;+ss03;!
Missing character: There is no ₁ (U+2081) in font [Inconsolatazi4-Regular.otf]
:mode=node;script=latn;language=dflt;+ss01;+ss03;!
Missing character: There is no ₂ (U+2082) in font [Inconsolatazi4-Regular.otf]
:mode=node;script=latn;language=dflt;+ss01;+ss03;!
Missing character: There is no ≤ (U+2264) in font [Inconsolatazi4-Regular.otf]
:mode=node;script=latn;language=dflt;+ss01;+ss03;!
Missing character: There is no ₁ (U+2081) in font [Inconsolatazi4-Regular.otf]
:mode=node;script=latn;language=dflt;+ss01;+ss03;!
Missing character: There is no ₂ (U+2082) in font [Inconsolatazi4-Regular.otf]
:mode=node;script=latn;language=dflt;+ss01;+ss03;!
Missing character: There is no ₁ (U+2081) in font [Inconsolatazi4-Regular.otf]
:mode=node;script=latn;language=dflt;+ss01;+ss03;!
Missing character: There is no ₂ (U+2082) in font [Inconsolatazi4-Regular.otf]
:mode=node;script=latn;language=dflt;+ss01;+ss03;!
)
Missing character: There is no ₁ (U+2081) in font [Inconsolatazi4-Regular.otf]
:mode=node;script=latn;language=dflt;+ss01;+ss03;!
Missing character: There is no ≥ (U+2265) in font [Inconsolatazi4-Regular.otf]
:mode=node;script=latn;language=dflt;+ss01;+ss03;!
Missing character: There is no ₂ (U+2082) in font [Inconsolatazi4-Regular.otf]
:mode=node;script=latn;language=dflt;+ss01;+ss03;!
Missing character: There is no ≥ (U+2265) in font [Inconsolatazi4-Regular.otf]
:mode=node;script=latn;language=dflt;+ss01;+ss03;!
Missing character: There is no ₁ (U+2081) in font [Inconsolatazi4-Regular.otf]
:mode=node;script=latn;language=dflt;+ss01;+ss03;!
Missing character: There is no ₂ (U+2082) in font [Inconsolatazi4-Regular.otf]
:mode=node;script=latn;language=dflt;+ss01;+ss03;!
Missing character: There is no ≤ (U+2264) in font [Inconsolatazi4-Regular.otf]
:mode=node;script=latn;language=dflt;+ss01;+ss03;!
Missing character: There is no ₁ (U+2081) in font [Inconsolatazi4-Regular.otf]
:mode=node;script=latn;language=dflt;+ss01;+ss03;!
Missing character: There is no ₂ (U+2082) in font [Inconsolatazi4-Regular.otf]
:mode=node;script=latn;language=dflt;+ss01;+ss03;!
Missing character: There is no ≤ (U+2264) in font [Inconsolatazi4-Regular.otf]
:mode=node;script=latn;language=dflt;+ss01;+ss03;!
Missing character: There is no ₁ (U+2081) in font [Inconsolatazi4-Regular.otf]
:mode=node;script=latn;language=dflt;+ss01;+ss03;!
Missing character: There is no ₂ (U+2082) in font [Inconsolatazi4-Regular.otf]
:mode=node;script=latn;language=dflt;+ss01;+ss03;!
Missing character: There is no ≤ (U+2264) in font [Inconsolatazi4-Regular.otf]
:mode=node;script=latn;language=dflt;+ss01;+ss03;!
Missing character: There is no ₁ (U+2081) in font [Inconsolatazi4-Regular.otf]
:mode=node;script=latn;language=dflt;+ss01;+ss03;!
Missing character: There is no ₂ (U+2082) in font [Inconsolatazi4-Regular.otf]
:mode=node;script=latn;language=dflt;+ss01;+ss03;!

\openout7 = main.listing
(./main.listing)
\openout7 = main.listing
 (./main.listing)
Missing character: There is no ├ (U+251C) in font [Inconsolatazi4-Regular.otf]
:mode=node;script=latn;language=dflt;+ss01;+ss03;!
Missing character: There is no ├ (U+251C) in font [Inconsolatazi4-Regular.otf]
:mode=node;script=latn;language=dflt;+ss01;+ss03;!
Missing character: There is no │ (U+2502) in font [Inconsolatazi4-Regular.otf]
:mode=node;script=latn;language=dflt;+ss01;+ss03;!
Missing character: There is no ├ (U+251C) in font [Inconsolatazi4-Regular.otf]
:mode=node;script=latn;language=dflt;+ss01;+ss03;!
Missing character: There is no │ (U+2502) in font [Inconsolatazi4-Regular.otf]
:mode=node;script=latn;language=dflt;+ss01;+ss03;!
Missing character: There is no ├ (U+251C) in font [Inconsolatazi4-Regular.otf]
:mode=node;script=latn;language=dflt;+ss01;+ss03;!
Missing character: There is no │ (U+2502) in font [Inconsolatazi4-Regular.otf]
:mode=node;script=latn;language=dflt;+ss01;+ss03;!
Missing character: There is no ├ (U+251C) in font [Inconsolatazi4-Regular.otf]
:mode=node;script=latn;language=dflt;+ss01;+ss03;!
Missing character: There is no │ (U+2502) in font [Inconsolatazi4-Regular.otf]
:mode=node;script=latn;language=dflt;+ss01;+ss03;!
Missing character: There is no └ (U+2514) in font [Inconsolatazi4-Regular.otf]
:mode=node;script=latn;language=dflt;+ss01;+ss03;!
Missing character: There is no ├ (U+251C) in font [Inconsolatazi4-Regular.otf]
:mode=node;script=latn;language=dflt;+ss01;+ss03;!
Missing character: There is no │ (U+2502) in font [Inconsolatazi4-Regular.otf]
:mode=node;script=latn;language=dflt;+ss01;+ss03;!
Missing character: There is no ├ (U+251C) in font [Inconsolatazi4-Regular.otf]
:mode=node;script=latn;language=dflt;+ss01;+ss03;!
Missing character: There is no │ (U+2502) in font [Inconsolatazi4-Regular.otf]
:mode=node;script=latn;language=dflt;+ss01;+ss03;!
Missing character: There is no ├ (U+251C) in font [Inconsolatazi4-Regular.otf]
:mode=node;script=latn;language=dflt;+ss01;+ss03;!
Missing character: There is no │ (U+2502) in font [Inconsolatazi4-Regular.otf]
:mode=node;script=latn;language=dflt;+ss01;+ss03;!
Missing character: There is no ├ (U+251C) in font [Inconsolatazi4-Regular.otf]
:mode=node;script=latn;language=dflt;+ss01;+ss03;!
Missing character: There is no │ (U+2502) in font [Inconsolatazi4-Regular.otf]
:mode=node;script=latn;language=dflt;+ss01;+ss03;!
Missing character: There is no ├ (U+251C) in font [Inconsolatazi4-Regular.otf]
:mode=node;script=latn;language=dflt;+ss01;+ss03;!
Missing character: There is no │ (U+2502) in font [Inconsolatazi4-Regular.otf]
:mode=node;script=latn;language=dflt;+ss01;+ss03;!
Missing character: There is no └ (U+2514) in font [Inconsolatazi4-Regular.otf]
:mode=node;script=latn;language=dflt;+ss01;+ss03;!
Missing character: There is no └ (U+2514) in font [Inconsolatazi4-Regular.otf]
:mode=node;script=latn;language=dflt;+ss01;+ss03;!
Missing character: There is no ├ (U+251C) in font [Inconsolatazi4-Regular.otf]
:mode=node;script=latn;language=dflt;+ss01;+ss03;!
Missing character: There is no ├ (U+251C) in font [Inconsolatazi4-Regular.otf]
:mode=node;script=latn;language=dflt;+ss01;+ss03;!
Missing character: There is no ├ (U+251C) in font [Inconsolatazi4-Regular.otf]
:mode=node;script=latn;language=dflt;+ss01;+ss03;!
Missing character: There is no └ (U+2514) in font [Inconsolatazi4-Regular.otf]
:mode=node;script=latn;language=dflt;+ss01;+ss03;!



Overfull \hbox (58.1334pt too wide) has occurred while \output is active
\TU/lmr/m/sl/10 CHAP-TER 5. SOLV-ING LIN-EAR OP-TI-MIZA-TION PROB-LEMS US-ING SO
FT-WARE \TU/lmr/m/n/10 122
 []

[122
Missing character: There is no ₁ (U+2081) in font [Inconsolatazi4-Regular.otf]
:mode=node;script=latn;language=dflt;+ss01;+ss03;!
Missing character: There is no ≥ (U+2265) in font [Inconsolatazi4-Regular.otf]
:mode=node;script=latn;language=dflt;+ss01;+ss03;!
Missing character: There is no ₂ (U+2082) in font [Inconsolatazi4-Regular.otf]
:mode=node;script=latn;language=dflt;+ss01;+ss03;!
Missing character: There is no ≥ (U+2265) in font [Inconsolatazi4-Regular.otf]
:mode=node;script=latn;language=dflt;+ss01;+ss03;!
Missing character: There is no ₁ (U+2081) in font [Inconsolatazi4-Regular.otf]
:mode=node;script=latn;language=dflt;+ss01;+ss03;!
Missing character: There is no ₂ (U+2082) in font [Inconsolatazi4-Regular.otf]
:mode=node;script=latn;language=dflt;+ss01;+ss03;!
Missing character: There is no ≤ (U+2264) in font [Inconsolatazi4-Regular.otf]
:mode=node;script=latn;language=dflt;+ss01;+ss03;!
Missing character: There is no ₁ (U+2081) in font [Inconsolatazi4-Regular.otf]
:mode=node;script=latn;language=dflt;+ss01;+ss03;!
Missing character: There is no ₂ (U+2082) in font [Inconsolatazi4-Regular.otf]
:mode=node;script=latn;language=dflt;+ss01;+ss03;!
Missing character: There is no ≤ (U+2264) in font [Inconsolatazi4-Regular.otf]
:mode=node;script=latn;language=dflt;+ss01;+ss03;!
Missing character: There is no ₁ (U+2081) in font [Inconsolatazi4-Regular.otf]
:mode=node;script=latn;language=dflt;+ss01;+ss03;!
Missing character: There is no ₂ (U+2082) in font [Inconsolatazi4-Regular.otf]
:mode=node;script=latn;language=dflt;+ss01;+ss03;!
Missing character: There is no ≤ (U+2264) in font [Inconsolatazi4-Regular.otf]
:mode=node;script=latn;language=dflt;+ss01;+ss03;!
Missing character: There is no ₁ (U+2081) in font [Inconsolatazi4-Regular.otf]
:mode=node;script=latn;language=dflt;+ss01;+ss03;!
Missing character: There is no ₂ (U+2082) in font [Inconsolatazi4-Regular.otf]
:mode=node;script=latn;language=dflt;+ss01;+ss03;!
Missing character: There is no ₁ (U+2081) in font [Inconsolatazi4-Regular.otf]
:mode=node;script=latn;language=dflt;+ss01;+ss03;!
Missing character: There is no ≥ (U+2265) in font [Inconsolatazi4-Regular.otf]
:mode=node;script=latn;language=dflt;+ss01;+ss03;!
Missing character: There is no ₂ (U+2082) in font [Inconsolatazi4-Regular.otf]
:mode=node;script=latn;language=dflt;+ss01;+ss03;!
Missing character: There is no ≥ (U+2265) in font [Inconsolatazi4-Regular.otf]
:mode=node;script=latn;language=dflt;+ss01;+ss03;!
Missing character: There is no ₁ (U+2081) in font [Inconsolatazi4-Regular.otf]
:mode=node;script=latn;language=dflt;+ss01;+ss03;!
Missing character: There is no ₂ (U+2082) in font [Inconsolatazi4-Regular.otf]
:mode=node;script=latn;language=dflt;+ss01;+ss03;!
Missing character: There is no ≤ (U+2264) in font [Inconsolatazi4-Regular.otf]
:mode=node;script=latn;language=dflt;+ss01;+ss03;!
Missing character: There is no ₁ (U+2081) in font [Inconsolatazi4-Regular.otf]
:mode=node;script=latn;language=dflt;+ss01;+ss03;!
Missing character: There is no ₂ (U+2082) in font [Inconsolatazi4-Regular.otf]
:mode=node;script=latn;language=dflt;+ss01;+ss03;!
Missing character: There is no ≤ (U+2264) in font [Inconsolatazi4-Regular.otf]
:mode=node;script=latn;language=dflt;+ss01;+ss03;!
Missing character: There is no ₁ (U+2081) in font [Inconsolatazi4-Regular.otf]
:mode=node;script=latn;language=dflt;+ss01;+ss03;!
Missing character: There is no ₂ (U+2082) in font [Inconsolatazi4-Regular.otf]
:mode=node;script=latn;language=dflt;+ss01;+ss03;!
Missing character: There is no ≤ (U+2264) in font [Inconsolatazi4-Regular.otf]
:mode=node;script=latn;language=dflt;+ss01;+ss03;!
Missing character: There is no ₁ (U+2081) in font [Inconsolatazi4-Regular.otf]
:mode=node;script=latn;language=dflt;+ss01;+ss03;!
Missing character: There is no ₂ (U+2082) in font [Inconsolatazi4-Regular.otf]
:mode=node;script=latn;language=dflt;+ss01;+ss03;!
Missing character: There is no ├ (U+251C) in font [Inconsolatazi4-Regular.otf]
:mode=node;script=latn;language=dflt;+ss01;+ss03;!
Missing character: There is no ├ (U+251C) in font [Inconsolatazi4-Regular.otf]
:mode=node;script=latn;language=dflt;+ss01;+ss03;!
Missing character: There is no │ (U+2502) in font [Inconsolatazi4-Regular.otf]
:mode=node;script=latn;language=dflt;+ss01;+ss03;!
Missing character: There is no ├ (U+251C) in font [Inconsolatazi4-Regular.otf]
:mode=node;script=latn;language=dflt;+ss01;+ss03;!
Missing character: There is no │ (U+2502) in font [Inconsolatazi4-Regular.otf]
:mode=node;script=latn;language=dflt;+ss01;+ss03;!
Missing character: There is no ├ (U+251C) in font [Inconsolatazi4-Regular.otf]
:mode=node;script=latn;language=dflt;+ss01;+ss03;!
Missing character: There is no │ (U+2502) in font [Inconsolatazi4-Regular.otf]
:mode=node;script=latn;language=dflt;+ss01;+ss03;!
Missing character: There is no ├ (U+251C) in font [Inconsolatazi4-Regular.otf]
:mode=node;script=latn;language=dflt;+ss01;+ss03;!
Missing character: There is no │ (U+2502) in font [Inconsolatazi4-Regular.otf]
:mode=node;script=latn;language=dflt;+ss01;+ss03;!
Missing character: There is no └ (U+2514) in font [Inconsolatazi4-Regular.otf]
:mode=node;script=latn;language=dflt;+ss01;+ss03;!
Missing character: There is no ├ (U+251C) in font [Inconsolatazi4-Regular.otf]
:mode=node;script=latn;language=dflt;+ss01;+ss03;!
Missing character: There is no │ (U+2502) in font [Inconsolatazi4-Regular.otf]
:mode=node;script=latn;language=dflt;+ss01;+ss03;!
Missing character: There is no ├ (U+251C) in font [Inconsolatazi4-Regular.otf]
:mode=node;script=latn;language=dflt;+ss01;+ss03;!
Missing character: There is no │ (U+2502) in font [Inconsolatazi4-Regular.otf]
:mode=node;script=latn;language=dflt;+ss01;+ss03;!
Missing character: There is no ├ (U+251C) in font [Inconsolatazi4-Regular.otf]
:mode=node;script=latn;language=dflt;+ss01;+ss03;!
Missing character: There is no │ (U+2502) in font [Inconsolatazi4-Regular.otf]
:mode=node;script=latn;language=dflt;+ss01;+ss03;!
Missing character: There is no ├ (U+251C) in font [Inconsolatazi4-Regular.otf]
:mode=node;script=latn;language=dflt;+ss01;+ss03;!
Missing character: There is no │ (U+2502) in font [Inconsolatazi4-Regular.otf]
:mode=node;script=latn;language=dflt;+ss01;+ss03;!
Missing character: There is no ├ (U+251C) in font [Inconsolatazi4-Regular.otf]
:mode=node;script=latn;language=dflt;+ss01;+ss03;!
Missing character: There is no │ (U+2502) in font [Inconsolatazi4-Regular.otf]
:mode=node;script=latn;language=dflt;+ss01;+ss03;!
Missing character: There is no └ (U+2514) in font [Inconsolatazi4-Regular.otf]
:mode=node;script=latn;language=dflt;+ss01;+ss03;!
Missing character: There is no └ (U+2514) in font [Inconsolatazi4-Regular.otf]
:mode=node;script=latn;language=dflt;+ss01;+ss03;!
Missing character: There is no ├ (U+251C) in font [Inconsolatazi4-Regular.otf]
:mode=node;script=latn;language=dflt;+ss01;+ss03;!
Missing character: There is no ├ (U+251C) in font [Inconsolatazi4-Regular.otf]
:mode=node;script=latn;language=dflt;+ss01;+ss03;!
]
\openout7 = main.listing
 (./main.listing
Missing character: There is no ₁ (U+2081) in font [Inconsolatazi4-Regular.otf]
:mode=node;script=latn;language=dflt;+ss01;+ss03;!
Missing character: There is no ≥ (U+2265) in font [Inconsolatazi4-Regular.otf]
:mode=node;script=latn;language=dflt;+ss01;+ss03;!
Missing character: There is no ₁ (U+2081) in font [Inconsolatazi4-Regular.otf]
:mode=node;script=latn;language=dflt;+ss01;+ss03;!
Missing character: There is no ≥ (U+2265) in font [Inconsolatazi4-Regular.otf]
:mode=node;script=latn;language=dflt;+ss01;+ss03;!
Missing character: There is no ₂ (U+2082) in font [Inconsolatazi4-Regular.otf]
:mode=node;script=latn;language=dflt;+ss01;+ss03;!
Missing character: There is no ≥ (U+2265) in font [Inconsolatazi4-Regular.otf]
:mode=node;script=latn;language=dflt;+ss01;+ss03;!
Missing character: There is no ₂ (U+2082) in font [Inconsolatazi4-Regular.otf]
:mode=node;script=latn;language=dflt;+ss01;+ss03;!
Missing character: There is no ≥ (U+2265) in font [Inconsolatazi4-Regular.otf]
:mode=node;script=latn;language=dflt;+ss01;+ss03;!
Missing character: There is no ₁ (U+2081) in font [Inconsolatazi4-Regular.otf]
:mode=node;script=latn;language=dflt;+ss01;+ss03;!
Missing character: There is no ₂ (U+2082) in font [Inconsolatazi4-Regular.otf]
:mode=node;script=latn;language=dflt;+ss01;+ss03;!
Missing character: There is no ≤ (U+2264) in font [Inconsolatazi4-Regular.otf]
:mode=node;script=latn;language=dflt;+ss01;+ss03;!
Missing character: There is no ₁ (U+2081) in font [Inconsolatazi4-Regular.otf]
:mode=node;script=latn;language=dflt;+ss01;+ss03;!
Missing character: There is no ₂ (U+2082) in font [Inconsolatazi4-Regular.otf]
:mode=node;script=latn;language=dflt;+ss01;+ss03;!
Missing character: There is no ≤ (U+2264) in font [Inconsolatazi4-Regular.otf]
:mode=node;script=latn;language=dflt;+ss01;+ss03;!
Missing character: There is no ₁ (U+2081) in font [Inconsolatazi4-Regular.otf]
:mode=node;script=latn;language=dflt;+ss01;+ss03;!
Missing character: There is no ₂ (U+2082) in font [Inconsolatazi4-Regular.otf]
:mode=node;script=latn;language=dflt;+ss01;+ss03;!
Missing character: There is no ≤ (U+2264) in font [Inconsolatazi4-Regular.otf]
:mode=node;script=latn;language=dflt;+ss01;+ss03;!
Missing character: There is no ₁ (U+2081) in font [Inconsolatazi4-Regular.otf]
:mode=node;script=latn;language=dflt;+ss01;+ss03;!
Missing character: There is no ₂ (U+2082) in font [Inconsolatazi4-Regular.otf]
:mode=node;script=latn;language=dflt;+ss01;+ss03;!
Missing character: There is no ≤ (U+2264) in font [Inconsolatazi4-Regular.otf]
:mode=node;script=latn;language=dflt;+ss01;+ss03;!
Missing character: There is no ₁ (U+2081) in font [Inconsolatazi4-Regular.otf]
:mode=node;script=latn;language=dflt;+ss01;+ss03;!
Missing character: There is no ₂ (U+2082) in font [Inconsolatazi4-Regular.otf]
:mode=node;script=latn;language=dflt;+ss01;+ss03;!
Missing character: There is no ≤ (U+2264) in font [Inconsolatazi4-Regular.otf]
:mode=node;script=latn;language=dflt;+ss01;+ss03;!
Missing character: There is no ₁ (U+2081) in font [Inconsolatazi4-Regular.otf]
:mode=node;script=latn;language=dflt;+ss01;+ss03;!
Missing character: There is no ₂ (U+2082) in font [Inconsolatazi4-Regular.otf]
:mode=node;script=latn;language=dflt;+ss01;+ss03;!
Missing character: There is no ≤ (U+2264) in font [Inconsolatazi4-Regular.otf]
:mode=node;script=latn;language=dflt;+ss01;+ss03;!
Missing character: There is no ₁ (U+2081) in font [Inconsolatazi4-Regular.otf]
:mode=node;script=latn;language=dflt;+ss01;+ss03;!
Missing character: There is no ₂ (U+2082) in font [Inconsolatazi4-Regular.otf]
:mode=node;script=latn;language=dflt;+ss01;+ss03;!
Missing character: There is no ₁ (U+2081) in font [Inconsolatazi4-Regular.otf]
:mode=node;script=latn;language=dflt;+ss01;+ss03;!
Missing character: There is no ₂ (U+2082) in font [Inconsolatazi4-Regular.otf]
:mode=node;script=latn;language=dflt;+ss01;+ss03;!
)
\openout7 = main.listing
 (./main.listing)
\openout7 = main.listing
 (./main.listing)
Missing character: There is no ├ (U+251C) in font [Inconsolatazi4-Regular.otf]
:mode=node;script=latn;language=dflt;+ss01;+ss03;!
Missing character: There is no ├ (U+251C) in font [Inconsolatazi4-Regular.otf]
:mode=node;script=latn;language=dflt;+ss01;+ss03;!
Missing character: There is no │ (U+2502) in font [Inconsolatazi4-Regular.otf]
:mode=node;script=latn;language=dflt;+ss01;+ss03;!
Missing character: There is no ├ (U+251C) in font [Inconsolatazi4-Regular.otf]
:mode=node;script=latn;language=dflt;+ss01;+ss03;!
Missing character: There is no │ (U+2502) in font [Inconsolatazi4-Regular.otf]
:mode=node;script=latn;language=dflt;+ss01;+ss03;!
Missing character: There is no ├ (U+251C) in font [Inconsolatazi4-Regular.otf]
:mode=node;script=latn;language=dflt;+ss01;+ss03;!
Missing character: There is no │ (U+2502) in font [Inconsolatazi4-Regular.otf]
:mode=node;script=latn;language=dflt;+ss01;+ss03;!
Missing character: There is no ├ (U+251C) in font [Inconsolatazi4-Regular.otf]
:mode=node;script=latn;language=dflt;+ss01;+ss03;!
Missing character: There is no │ (U+2502) in font [Inconsolatazi4-Regular.otf]
:mode=node;script=latn;language=dflt;+ss01;+ss03;!
Missing character: There is no └ (U+2514) in font [Inconsolatazi4-Regular.otf]
:mode=node;script=latn;language=dflt;+ss01;+ss03;!
Missing character: There is no ├ (U+251C) in font [Inconsolatazi4-Regular.otf]
:mode=node;script=latn;language=dflt;+ss01;+ss03;!
Missing character: There is no │ (U+2502) in font [Inconsolatazi4-Regular.otf]
:mode=node;script=latn;language=dflt;+ss01;+ss03;!
Missing character: There is no ├ (U+251C) in font [Inconsolatazi4-Regular.otf]
:mode=node;script=latn;language=dflt;+ss01;+ss03;!
Missing character: There is no │ (U+2502) in font [Inconsolatazi4-Regular.otf]
:mode=node;script=latn;language=dflt;+ss01;+ss03;!
Missing character: There is no ├ (U+251C) in font [Inconsolatazi4-Regular.otf]
:mode=node;script=latn;language=dflt;+ss01;+ss03;!
Missing character: There is no │ (U+2502) in font [Inconsolatazi4-Regular.otf]
:mode=node;script=latn;language=dflt;+ss01;+ss03;!
Missing character: There is no ├ (U+251C) in font [Inconsolatazi4-Regular.otf]
:mode=node;script=latn;language=dflt;+ss01;+ss03;!
Missing character: There is no │ (U+2502) in font [Inconsolatazi4-Regular.otf]
:mode=node;script=latn;language=dflt;+ss01;+ss03;!
Missing character: There is no ├ (U+251C) in font [Inconsolatazi4-Regular.otf]
:mode=node;script=latn;language=dflt;+ss01;+ss03;!
Missing character: There is no │ (U+2502) in font [Inconsolatazi4-Regular.otf]
:mode=node;script=latn;language=dflt;+ss01;+ss03;!
Missing character: There is no └ (U+2514) in font [Inconsolatazi4-Regular.otf]
:mode=node;script=latn;language=dflt;+ss01;+ss03;!
Missing character: There is no └ (U+2514) in font [Inconsolatazi4-Regular.otf]
:mode=node;script=latn;language=dflt;+ss01;+ss03;!
Missing character: There is no ├ (U+251C) in font [Inconsolatazi4-Regular.otf]
:mode=node;script=latn;language=dflt;+ss01;+ss03;!
Missing character: There is no ├ (U+251C) in font [Inconsolatazi4-Regular.otf]
:mode=node;script=latn;language=dflt;+ss01;+ss03;!
Missing character: There is no ├ (U+251C) in font [Inconsolatazi4-Regular.otf]
:mode=node;script=latn;language=dflt;+ss01;+ss03;!
Missing character: There is no └ (U+2514) in font [Inconsolatazi4-Regular.otf]
:mode=node;script=latn;language=dflt;+ss01;+ss03;!



Overfull \hbox (58.1334pt too wide) has occurred while \output is active
\TU/lmr/m/sl/10 CHAP-TER 5. SOLV-ING LIN-EAR OP-TI-MIZA-TION PROB-LEMS US-ING SO
FT-WARE \TU/lmr/m/n/10 123
 []

[123
Missing character: There is no ├ (U+251C) in font [Inconsolatazi4-Regular.otf]
:mode=node;script=latn;language=dflt;+ss01;+ss03;!
Missing character: There is no └ (U+2514) in font [Inconsolatazi4-Regular.otf]
:mode=node;script=latn;language=dflt;+ss01;+ss03;!
Missing character: There is no ₁ (U+2081) in font [Inconsolatazi4-Regular.otf]
:mode=node;script=latn;language=dflt;+ss01;+ss03;!
Missing character: There is no ≥ (U+2265) in font [Inconsolatazi4-Regular.otf]
:mode=node;script=latn;language=dflt;+ss01;+ss03;!
Missing character: There is no ₂ (U+2082) in font [Inconsolatazi4-Regular.otf]
:mode=node;script=latn;language=dflt;+ss01;+ss03;!
Missing character: There is no ≥ (U+2265) in font [Inconsolatazi4-Regular.otf]
:mode=node;script=latn;language=dflt;+ss01;+ss03;!
Missing character: There is no ₁ (U+2081) in font [Inconsolatazi4-Regular.otf]
:mode=node;script=latn;language=dflt;+ss01;+ss03;!
Missing character: There is no ₂ (U+2082) in font [Inconsolatazi4-Regular.otf]
:mode=node;script=latn;language=dflt;+ss01;+ss03;!
Missing character: There is no ≤ (U+2264) in font [Inconsolatazi4-Regular.otf]
:mode=node;script=latn;language=dflt;+ss01;+ss03;!
Missing character: There is no ₁ (U+2081) in font [Inconsolatazi4-Regular.otf]
:mode=node;script=latn;language=dflt;+ss01;+ss03;!
Missing character: There is no ₂ (U+2082) in font [Inconsolatazi4-Regular.otf]
:mode=node;script=latn;language=dflt;+ss01;+ss03;!
Missing character: There is no ≤ (U+2264) in font [Inconsolatazi4-Regular.otf]
:mode=node;script=latn;language=dflt;+ss01;+ss03;!
Missing character: There is no ₁ (U+2081) in font [Inconsolatazi4-Regular.otf]
:mode=node;script=latn;language=dflt;+ss01;+ss03;!
Missing character: There is no ₂ (U+2082) in font [Inconsolatazi4-Regular.otf]
:mode=node;script=latn;language=dflt;+ss01;+ss03;!
Missing character: There is no ≤ (U+2264) in font [Inconsolatazi4-Regular.otf]
:mode=node;script=latn;language=dflt;+ss01;+ss03;!
Missing character: There is no ₁ (U+2081) in font [Inconsolatazi4-Regular.otf]
:mode=node;script=latn;language=dflt;+ss01;+ss03;!
Missing character: There is no ₂ (U+2082) in font [Inconsolatazi4-Regular.otf]
:mode=node;script=latn;language=dflt;+ss01;+ss03;!
Missing character: There is no ├ (U+251C) in font [Inconsolatazi4-Regular.otf]
:mode=node;script=latn;language=dflt;+ss01;+ss03;!
Missing character: There is no ├ (U+251C) in font [Inconsolatazi4-Regular.otf]
:mode=node;script=latn;language=dflt;+ss01;+ss03;!
Missing character: There is no │ (U+2502) in font [Inconsolatazi4-Regular.otf]
:mode=node;script=latn;language=dflt;+ss01;+ss03;!
Missing character: There is no ├ (U+251C) in font [Inconsolatazi4-Regular.otf]
:mode=node;script=latn;language=dflt;+ss01;+ss03;!
Missing character: There is no │ (U+2502) in font [Inconsolatazi4-Regular.otf]
:mode=node;script=latn;language=dflt;+ss01;+ss03;!
Missing character: There is no ├ (U+251C) in font [Inconsolatazi4-Regular.otf]
:mode=node;script=latn;language=dflt;+ss01;+ss03;!
Missing character: There is no │ (U+2502) in font [Inconsolatazi4-Regular.otf]
:mode=node;script=latn;language=dflt;+ss01;+ss03;!
Missing character: There is no ├ (U+251C) in font [Inconsolatazi4-Regular.otf]
:mode=node;script=latn;language=dflt;+ss01;+ss03;!
Missing character: There is no │ (U+2502) in font [Inconsolatazi4-Regular.otf]
:mode=node;script=latn;language=dflt;+ss01;+ss03;!
Missing character: There is no └ (U+2514) in font [Inconsolatazi4-Regular.otf]
:mode=node;script=latn;language=dflt;+ss01;+ss03;!
Missing character: There is no ├ (U+251C) in font [Inconsolatazi4-Regular.otf]
:mode=node;script=latn;language=dflt;+ss01;+ss03;!
Missing character: There is no │ (U+2502) in font [Inconsolatazi4-Regular.otf]
:mode=node;script=latn;language=dflt;+ss01;+ss03;!
Missing character: There is no ├ (U+251C) in font [Inconsolatazi4-Regular.otf]
:mode=node;script=latn;language=dflt;+ss01;+ss03;!
Missing character: There is no │ (U+2502) in font [Inconsolatazi4-Regular.otf]
:mode=node;script=latn;language=dflt;+ss01;+ss03;!
Missing character: There is no ├ (U+251C) in font [Inconsolatazi4-Regular.otf]
:mode=node;script=latn;language=dflt;+ss01;+ss03;!
Missing character: There is no │ (U+2502) in font [Inconsolatazi4-Regular.otf]
:mode=node;script=latn;language=dflt;+ss01;+ss03;!
Missing character: There is no ├ (U+251C) in font [Inconsolatazi4-Regular.otf]
:mode=node;script=latn;language=dflt;+ss01;+ss03;!
Missing character: There is no │ (U+2502) in font [Inconsolatazi4-Regular.otf]
:mode=node;script=latn;language=dflt;+ss01;+ss03;!
Missing character: There is no ├ (U+251C) in font [Inconsolatazi4-Regular.otf]
:mode=node;script=latn;language=dflt;+ss01;+ss03;!
Missing character: There is no │ (U+2502) in font [Inconsolatazi4-Regular.otf]
:mode=node;script=latn;language=dflt;+ss01;+ss03;!
Missing character: There is no └ (U+2514) in font [Inconsolatazi4-Regular.otf]
:mode=node;script=latn;language=dflt;+ss01;+ss03;!
]
************************************************
Section 5.5 Cutting Planes and Branch and Bound with Julia
************************************************
************************************************
Subsection 5.5.1 Solving Integer Problems with Julia
************************************************

\openout7 = main.listing
(./main.listing
Missing character: There is no ₁ (U+2081) in font [Inconsolatazi4-Regular.otf]
:mode=node;script=latn;language=dflt;+ss01;+ss03;!
Missing character: There is no ≥ (U+2265) in font [Inconsolatazi4-Regular.otf]
:mode=node;script=latn;language=dflt;+ss01;+ss03;!
Missing character: There is no ₁ (U+2081) in font [Inconsolatazi4-Regular.otf]
:mode=node;script=latn;language=dflt;+ss01;+ss03;!
Missing character: There is no ≥ (U+2265) in font [Inconsolatazi4-Regular.otf]
:mode=node;script=latn;language=dflt;+ss01;+ss03;!
Missing character: There is no ₂ (U+2082) in font [Inconsolatazi4-Regular.otf]
:mode=node;script=latn;language=dflt;+ss01;+ss03;!
Missing character: There is no ≥ (U+2265) in font [Inconsolatazi4-Regular.otf]
:mode=node;script=latn;language=dflt;+ss01;+ss03;!
Missing character: There is no ₂ (U+2082) in font [Inconsolatazi4-Regular.otf]
:mode=node;script=latn;language=dflt;+ss01;+ss03;!
Missing character: There is no ≥ (U+2265) in font [Inconsolatazi4-Regular.otf]
:mode=node;script=latn;language=dflt;+ss01;+ss03;!
Missing character: There is no ₁ (U+2081) in font [Inconsolatazi4-Regular.otf]
:mode=node;script=latn;language=dflt;+ss01;+ss03;!
Missing character: There is no ₂ (U+2082) in font [Inconsolatazi4-Regular.otf]
:mode=node;script=latn;language=dflt;+ss01;+ss03;!
Missing character: There is no ≤ (U+2264) in font [Inconsolatazi4-Regular.otf]
:mode=node;script=latn;language=dflt;+ss01;+ss03;!
Missing character: There is no ₁ (U+2081) in font [Inconsolatazi4-Regular.otf]
:mode=node;script=latn;language=dflt;+ss01;+ss03;!
Missing character: There is no ₂ (U+2082) in font [Inconsolatazi4-Regular.otf]
:mode=node;script=latn;language=dflt;+ss01;+ss03;!
Missing character: There is no ≤ (U+2264) in font [Inconsolatazi4-Regular.otf]
:mode=node;script=latn;language=dflt;+ss01;+ss03;!
Missing character: There is no ₁ (U+2081) in font [Inconsolatazi4-Regular.otf]
:mode=node;script=latn;language=dflt;+ss01;+ss03;!
Missing character: There is no ₂ (U+2082) in font [Inconsolatazi4-Regular.otf]
:mode=node;script=latn;language=dflt;+ss01;+ss03;!
Missing character: There is no ≤ (U+2264) in font [Inconsolatazi4-Regular.otf]
:mode=node;script=latn;language=dflt;+ss01;+ss03;!
Missing character: There is no ₁ (U+2081) in font [Inconsolatazi4-Regular.otf]
:mode=node;script=latn;language=dflt;+ss01;+ss03;!
Missing character: There is no ₂ (U+2082) in font [Inconsolatazi4-Regular.otf]
:mode=node;script=latn;language=dflt;+ss01;+ss03;!
Missing character: There is no ≤ (U+2264) in font [Inconsolatazi4-Regular.otf]
:mode=node;script=latn;language=dflt;+ss01;+ss03;!
Missing character: There is no ₁ (U+2081) in font [Inconsolatazi4-Regular.otf]
:mode=node;script=latn;language=dflt;+ss01;+ss03;!
Missing character: There is no ₂ (U+2082) in font [Inconsolatazi4-Regular.otf]
:mode=node;script=latn;language=dflt;+ss01;+ss03;!
Missing character: There is no ₁ (U+2081) in font [Inconsolatazi4-Regular.otf]
:mode=node;script=latn;language=dflt;+ss01;+ss03;!
Missing character: There is no ₂ (U+2082) in font [Inconsolatazi4-Regular.otf]
:mode=node;script=latn;language=dflt;+ss01;+ss03;!
)
Missing character: There is no ₁ (U+2081) in font [Inconsolatazi4-Regular.otf]
:mode=node;script=latn;language=dflt;+ss01;+ss03;!
Missing character: There is no ₂ (U+2082) in font [Inconsolatazi4-Regular.otf]
:mode=node;script=latn;language=dflt;+ss01;+ss03;!



Overfull \hbox (58.1334pt too wide) has occurred while \output is active
\TU/lmr/m/sl/10 CHAP-TER 5. SOLV-ING LIN-EAR OP-TI-MIZA-TION PROB-LEMS US-ING SO
FT-WARE \TU/lmr/m/n/10 124
 []

[124
Missing character: There is no └ (U+2514) in font [Inconsolatazi4-Regular.otf]
:mode=node;script=latn;language=dflt;+ss01;+ss03;!
Missing character: There is no ├ (U+251C) in font [Inconsolatazi4-Regular.otf]
:mode=node;script=latn;language=dflt;+ss01;+ss03;!
Missing character: There is no ├ (U+251C) in font [Inconsolatazi4-Regular.otf]
:mode=node;script=latn;language=dflt;+ss01;+ss03;!
Missing character: There is no ├ (U+251C) in font [Inconsolatazi4-Regular.otf]
:mode=node;script=latn;language=dflt;+ss01;+ss03;!
Missing character: There is no └ (U+2514) in font [Inconsolatazi4-Regular.otf]
:mode=node;script=latn;language=dflt;+ss01;+ss03;!
Missing character: There is no ₁ (U+2081) in font [Inconsolatazi4-Regular.otf]
:mode=node;script=latn;language=dflt;+ss01;+ss03;!
Missing character: There is no ≥ (U+2265) in font [Inconsolatazi4-Regular.otf]
:mode=node;script=latn;language=dflt;+ss01;+ss03;!
Missing character: There is no ₂ (U+2082) in font [Inconsolatazi4-Regular.otf]
:mode=node;script=latn;language=dflt;+ss01;+ss03;!
Missing character: There is no ≥ (U+2265) in font [Inconsolatazi4-Regular.otf]
:mode=node;script=latn;language=dflt;+ss01;+ss03;!
Missing character: There is no ₁ (U+2081) in font [Inconsolatazi4-Regular.otf]
:mode=node;script=latn;language=dflt;+ss01;+ss03;!
Missing character: There is no ₂ (U+2082) in font [Inconsolatazi4-Regular.otf]
:mode=node;script=latn;language=dflt;+ss01;+ss03;!
Missing character: There is no ≤ (U+2264) in font [Inconsolatazi4-Regular.otf]
:mode=node;script=latn;language=dflt;+ss01;+ss03;!
Missing character: There is no ₁ (U+2081) in font [Inconsolatazi4-Regular.otf]
:mode=node;script=latn;language=dflt;+ss01;+ss03;!
Missing character: There is no ₂ (U+2082) in font [Inconsolatazi4-Regular.otf]
:mode=node;script=latn;language=dflt;+ss01;+ss03;!
Missing character: There is no ≤ (U+2264) in font [Inconsolatazi4-Regular.otf]
:mode=node;script=latn;language=dflt;+ss01;+ss03;!
Missing character: There is no ₁ (U+2081) in font [Inconsolatazi4-Regular.otf]
:mode=node;script=latn;language=dflt;+ss01;+ss03;!
Missing character: There is no ₂ (U+2082) in font [Inconsolatazi4-Regular.otf]
:mode=node;script=latn;language=dflt;+ss01;+ss03;!
]
Missing character: There is no ₁ (U+2081) in font [Inconsolatazi4-Regular.otf]
:mode=node;script=latn;language=dflt;+ss01;+ss03;!
Missing character: There is no ₂ (U+2082) in font [Inconsolatazi4-Regular.otf]
:mode=node;script=latn;language=dflt;+ss01;+ss03;!
Missing character: There is no ≤ (U+2264) in font [Inconsolatazi4-Regular.otf]
:mode=node;script=latn;language=dflt;+ss01;+ss03;!
Missing character: There is no ₁ (U+2081) in font [Inconsolatazi4-Regular.otf]
:mode=node;script=latn;language=dflt;+ss01;+ss03;!
Missing character: There is no ₂ (U+2082) in font [Inconsolatazi4-Regular.otf]
:mode=node;script=latn;language=dflt;+ss01;+ss03;!
Missing character: There is no ≤ (U+2264) in font [Inconsolatazi4-Regular.otf]
:mode=node;script=latn;language=dflt;+ss01;+ss03;!
Missing character: There is no ₁ (U+2081) in font [Inconsolatazi4-Regular.otf]
:mode=node;script=latn;language=dflt;+ss01;+ss03;!
Missing character: There is no ≥ (U+2265) in font [Inconsolatazi4-Regular.otf]
:mode=node;script=latn;language=dflt;+ss01;+ss03;!
Missing character: There is no ₂ (U+2082) in font [Inconsolatazi4-Regular.otf]
:mode=node;script=latn;language=dflt;+ss01;+ss03;!
Missing character: There is no ≥ (U+2265) in font [Inconsolatazi4-Regular.otf]
:mode=node;script=latn;language=dflt;+ss01;+ss03;!
Missing character: There is no ₁ (U+2081) in font [Inconsolatazi4-Regular.otf]
:mode=node;script=latn;language=dflt;+ss01;+ss03;!
Missing character: There is no ₂ (U+2082) in font [Inconsolatazi4-Regular.otf]
:mode=node;script=latn;language=dflt;+ss01;+ss03;!

\openout7 = main.listing
(./main.listing)
\openout7 = main.listing
 (./main.listing)
Missing character: There is no ₁ (U+2081) in font [Inconsolatazi4-Regular.otf]
:mode=node;script=latn;language=dflt;+ss01;+ss03;!
Missing character: There is no ₂ (U+2082) in font [Inconsolatazi4-Regular.otf]
:mode=node;script=latn;language=dflt;+ss01;+ss03;!
Missing character: There is no ₁ (U+2081) in font [Inconsolatazi4-Regular.otf]
:mode=node;script=latn;language=dflt;+ss01;+ss03;!
Missing character: There is no ₂ (U+2082) in font [Inconsolatazi4-Regular.otf]
:mode=node;script=latn;language=dflt;+ss01;+ss03;!

\openout7 = main.listing
(./main.listing)
************************************************
Subsection 5.5.2 Solving Binary LOPs using Julia
************************************************

\openout7 = main.listing
(./main.listing)
\openout7 = main.listing
 (./main.listing
Missing character: There is no ≤ (U+2264) in font [Inconsolatazi4-Regular.otf]
:mode=node;script=latn;language=dflt;+ss01;+ss03;!
Missing character: There is no ≤ (U+2264) in font [Inconsolatazi4-Regular.otf]
:mode=node;script=latn;language=dflt;+ss01;+ss03;!
Missing character: There is no ≤ (U+2264) in font [Inconsolatazi4-Regular.otf]
:mode=node;script=latn;language=dflt;+ss01;+ss03;!
Missing character: There is no ≤ (U+2264) in font [Inconsolatazi4-Regular.otf]
:mode=node;script=latn;language=dflt;+ss01;+ss03;!
Missing character: There is no ≤ (U+2264) in font [Inconsolatazi4-Regular.otf]
:mode=node;script=latn;language=dflt;+ss01;+ss03;!
Missing character: There is no ≤ (U+2264) in font [Inconsolatazi4-Regular.otf]
:mode=node;script=latn;language=dflt;+ss01;+ss03;!
Missing character: There is no ≤ (U+2264) in font [Inconsolatazi4-Regular.otf]
:mode=node;script=latn;language=dflt;+ss01;+ss03;!
Missing character: There is no ≤ (U+2264) in font [Inconsolatazi4-Regular.otf]
:mode=node;script=latn;language=dflt;+ss01;+ss03;!
Missing character: There is no ≤ (U+2264) in font [Inconsolatazi4-Regular.otf]
:mode=node;script=latn;language=dflt;+ss01;+ss03;!
Missing character: There is no ≤ (U+2264) in font [Inconsolatazi4-Regular.otf]
:mode=node;script=latn;language=dflt;+ss01;+ss03;!
Missing character: There is no ≤ (U+2264) in font [Inconsolatazi4-Regular.otf]
:mode=node;script=latn;language=dflt;+ss01;+ss03;!
Missing character: There is no ≤ (U+2264) in font [Inconsolatazi4-Regular.otf]
:mode=node;script=latn;language=dflt;+ss01;+ss03;!
)


Overfull \hbox (58.1334pt too wide) has occurred while \output is active
\TU/lmr/m/sl/10 CHAP-TER 5. SOLV-ING LIN-EAR OP-TI-MIZA-TION PROB-LEMS US-ING SO
FT-WARE \TU/lmr/m/n/10 125
 []

[125
Missing character: There is no ₁ (U+2081) in font [Inconsolatazi4-Regular.otf]
:mode=node;script=latn;language=dflt;+ss01;+ss03;!
Missing character: There is no ₂ (U+2082) in font [Inconsolatazi4-Regular.otf]
:mode=node;script=latn;language=dflt;+ss01;+ss03;!
Missing character: There is no ₁ (U+2081) in font [Inconsolatazi4-Regular.otf]
:mode=node;script=latn;language=dflt;+ss01;+ss03;!
Missing character: There is no ₂ (U+2082) in font [Inconsolatazi4-Regular.otf]
:mode=node;script=latn;language=dflt;+ss01;+ss03;!
Missing character: There is no ≤ (U+2264) in font [Inconsolatazi4-Regular.otf]
:mode=node;script=latn;language=dflt;+ss01;+ss03;!
Missing character: There is no ₁ (U+2081) in font [Inconsolatazi4-Regular.otf]
:mode=node;script=latn;language=dflt;+ss01;+ss03;!
Missing character: There is no ₂ (U+2082) in font [Inconsolatazi4-Regular.otf]
:mode=node;script=latn;language=dflt;+ss01;+ss03;!
Missing character: There is no ≤ (U+2264) in font [Inconsolatazi4-Regular.otf]
:mode=node;script=latn;language=dflt;+ss01;+ss03;!
Missing character: There is no ₁ (U+2081) in font [Inconsolatazi4-Regular.otf]
:mode=node;script=latn;language=dflt;+ss01;+ss03;!
Missing character: There is no ≥ (U+2265) in font [Inconsolatazi4-Regular.otf]
:mode=node;script=latn;language=dflt;+ss01;+ss03;!
Missing character: There is no ₂ (U+2082) in font [Inconsolatazi4-Regular.otf]
:mode=node;script=latn;language=dflt;+ss01;+ss03;!
Missing character: There is no ≥ (U+2265) in font [Inconsolatazi4-Regular.otf]
:mode=node;script=latn;language=dflt;+ss01;+ss03;!
Missing character: There is no ₁ (U+2081) in font [Inconsolatazi4-Regular.otf]
:mode=node;script=latn;language=dflt;+ss01;+ss03;!
Missing character: There is no ₂ (U+2082) in font [Inconsolatazi4-Regular.otf]
:mode=node;script=latn;language=dflt;+ss01;+ss03;!
Missing character: There is no ₁ (U+2081) in font [Inconsolatazi4-Regular.otf]
:mode=node;script=latn;language=dflt;+ss01;+ss03;!
Missing character: There is no ₂ (U+2082) in font [Inconsolatazi4-Regular.otf]
:mode=node;script=latn;language=dflt;+ss01;+ss03;!
Missing character: There is no ≤ (U+2264) in font [Inconsolatazi4-Regular.otf]
:mode=node;script=latn;language=dflt;+ss01;+ss03;!
Missing character: There is no ≤ (U+2264) in font [Inconsolatazi4-Regular.otf]
:mode=node;script=latn;language=dflt;+ss01;+ss03;!
Missing character: There is no ≤ (U+2264) in font [Inconsolatazi4-Regular.otf]
:mode=node;script=latn;language=dflt;+ss01;+ss03;!
]
\openout7 = main.listing
 (./main.listing)
\openout7 = main.listing
 (./main.listing
Missing character: There is no ≤ (U+2264) in font [Inconsolatazi4-Regular.otf]
:mode=node;script=latn;language=dflt;+ss01;+ss03;!
Missing character: There is no ≤ (U+2264) in font [Inconsolatazi4-Regular.otf]
:mode=node;script=latn;language=dflt;+ss01;+ss03;!
Missing character: There is no ≤ (U+2264) in font [Inconsolatazi4-Regular.otf]
:mode=node;script=latn;language=dflt;+ss01;+ss03;!
Missing character: There is no ≤ (U+2264) in font [Inconsolatazi4-Regular.otf]
:mode=node;script=latn;language=dflt;+ss01;+ss03;!
Missing character: There is no ≤ (U+2264) in font [Inconsolatazi4-Regular.otf]
:mode=node;script=latn;language=dflt;+ss01;+ss03;!
Missing character: There is no ≤ (U+2264) in font [Inconsolatazi4-Regular.otf]
:mode=node;script=latn;language=dflt;+ss01;+ss03;!
Missing character: There is no ≤ (U+2264) in font [Inconsolatazi4-Regular.otf]
:mode=node;script=latn;language=dflt;+ss01;+ss03;!
Missing character: There is no ≤ (U+2264) in font [Inconsolatazi4-Regular.otf]
:mode=node;script=latn;language=dflt;+ss01;+ss03;!
Missing character: There is no ≤ (U+2264) in font [Inconsolatazi4-Regular.otf]
:mode=node;script=latn;language=dflt;+ss01;+ss03;!
Missing character: There is no ≤ (U+2264) in font [Inconsolatazi4-Regular.otf]
:mode=node;script=latn;language=dflt;+ss01;+ss03;!
Missing character: There is no ≤ (U+2264) in font [Inconsolatazi4-Regular.otf]
:mode=node;script=latn;language=dflt;+ss01;+ss03;!
Missing character: There is no ≤ (U+2264) in font [Inconsolatazi4-Regular.otf]
:mode=node;script=latn;language=dflt;+ss01;+ss03;!
Missing character: There is no ≤ (U+2264) in font [Inconsolatazi4-Regular.otf]
:mode=node;script=latn;language=dflt;+ss01;+ss03;!
Missing character: There is no ≤ (U+2264) in font [Inconsolatazi4-Regular.otf]
:mode=node;script=latn;language=dflt;+ss01;+ss03;!
Missing character: There is no ≤ (U+2264) in font [Inconsolatazi4-Regular.otf]
:mode=node;script=latn;language=dflt;+ss01;+ss03;!
Missing character: There is no ≤ (U+2264) in font [Inconsolatazi4-Regular.otf]
:mode=node;script=latn;language=dflt;+ss01;+ss03;!
Missing character: There is no ≤ (U+2264) in font [Inconsolatazi4-Regular.otf]
:mode=node;script=latn;language=dflt;+ss01;+ss03;!
Missing character: There is no ≤ (U+2264) in font [Inconsolatazi4-Regular.otf]
:mode=node;script=latn;language=dflt;+ss01;+ss03;!
Missing character: There is no ≤ (U+2264) in font [Inconsolatazi4-Regular.otf]
:mode=node;script=latn;language=dflt;+ss01;+ss03;!
Missing character: There is no ≤ (U+2264) in font [Inconsolatazi4-Regular.otf]
:mode=node;script=latn;language=dflt;+ss01;+ss03;!
Missing character: There is no ≤ (U+2264) in font [Inconsolatazi4-Regular.otf]
:mode=node;script=latn;language=dflt;+ss01;+ss03;!
Missing character: There is no ≤ (U+2264) in font [Inconsolatazi4-Regular.otf]
:mode=node;script=latn;language=dflt;+ss01;+ss03;!
Missing character: There is no ≤ (U+2264) in font [Inconsolatazi4-Regular.otf]
:mode=node;script=latn;language=dflt;+ss01;+ss03;!
Missing character: There is no ≤ (U+2264) in font [Inconsolatazi4-Regular.otf]
:mode=node;script=latn;language=dflt;+ss01;+ss03;!
Missing character: There is no ≤ (U+2264) in font [Inconsolatazi4-Regular.otf]
:mode=node;script=latn;language=dflt;+ss01;+ss03;!
Missing character: There is no ≤ (U+2264) in font [Inconsolatazi4-Regular.otf]
:mode=node;script=latn;language=dflt;+ss01;+ss03;!
Missing character: There is no ≤ (U+2264) in font [Inconsolatazi4-Regular.otf]
:mode=node;script=latn;language=dflt;+ss01;+ss03;!
Missing character: There is no ≤ (U+2264) in font [Inconsolatazi4-Regular.otf]
:mode=node;script=latn;language=dflt;+ss01;+ss03;!
Missing character: There is no ≤ (U+2264) in font [Inconsolatazi4-Regular.otf]
:mode=node;script=latn;language=dflt;+ss01;+ss03;!
Missing character: There is no ≤ (U+2264) in font [Inconsolatazi4-Regular.otf]
:mode=node;script=latn;language=dflt;+ss01;+ss03;!
Missing character: There is no ≤ (U+2264) in font [Inconsolatazi4-Regular.otf]
:mode=node;script=latn;language=dflt;+ss01;+ss03;!
Missing character: There is no ≤ (U+2264) in font [Inconsolatazi4-Regular.otf]
:mode=node;script=latn;language=dflt;+ss01;+ss03;!
Missing character: There is no ≤ (U+2264) in font [Inconsolatazi4-Regular.otf]
:mode=node;script=latn;language=dflt;+ss01;+ss03;!
Missing character: There is no ≤ (U+2264) in font [Inconsolatazi4-Regular.otf]
:mode=node;script=latn;language=dflt;+ss01;+ss03;!
Missing character: There is no ≤ (U+2264) in font [Inconsolatazi4-Regular.otf]
:mode=node;script=latn;language=dflt;+ss01;+ss03;!
Missing character: There is no ≤ (U+2264) in font [Inconsolatazi4-Regular.otf]
:mode=node;script=latn;language=dflt;+ss01;+ss03;!
)


Overfull \hbox (58.1334pt too wide) has occurred while \output is active
\TU/lmr/m/sl/10 CHAP-TER 5. SOLV-ING LIN-EAR OP-TI-MIZA-TION PROB-LEMS US-ING SO
FT-WARE \TU/lmr/m/n/10 126
 []

[126
Missing character: There is no ≤ (U+2264) in font [Inconsolatazi4-Regular.otf]
:mode=node;script=latn;language=dflt;+ss01;+ss03;!
Missing character: There is no ≤ (U+2264) in font [Inconsolatazi4-Regular.otf]
:mode=node;script=latn;language=dflt;+ss01;+ss03;!
Missing character: There is no ≤ (U+2264) in font [Inconsolatazi4-Regular.otf]
:mode=node;script=latn;language=dflt;+ss01;+ss03;!
Missing character: There is no ≤ (U+2264) in font [Inconsolatazi4-Regular.otf]
:mode=node;script=latn;language=dflt;+ss01;+ss03;!
Missing character: There is no ≤ (U+2264) in font [Inconsolatazi4-Regular.otf]
:mode=node;script=latn;language=dflt;+ss01;+ss03;!
Missing character: There is no ≤ (U+2264) in font [Inconsolatazi4-Regular.otf]
:mode=node;script=latn;language=dflt;+ss01;+ss03;!
Missing character: There is no ≤ (U+2264) in font [Inconsolatazi4-Regular.otf]
:mode=node;script=latn;language=dflt;+ss01;+ss03;!
Missing character: There is no ≤ (U+2264) in font [Inconsolatazi4-Regular.otf]
:mode=node;script=latn;language=dflt;+ss01;+ss03;!
Missing character: There is no ≤ (U+2264) in font [Inconsolatazi4-Regular.otf]
:mode=node;script=latn;language=dflt;+ss01;+ss03;!
Missing character: There is no ≤ (U+2264) in font [Inconsolatazi4-Regular.otf]
:mode=node;script=latn;language=dflt;+ss01;+ss03;!
Missing character: There is no ≤ (U+2264) in font [Inconsolatazi4-Regular.otf]
:mode=node;script=latn;language=dflt;+ss01;+ss03;!
Missing character: There is no ≤ (U+2264) in font [Inconsolatazi4-Regular.otf]
:mode=node;script=latn;language=dflt;+ss01;+ss03;!
Missing character: There is no ≤ (U+2264) in font [Inconsolatazi4-Regular.otf]
:mode=node;script=latn;language=dflt;+ss01;+ss03;!
Missing character: There is no ≤ (U+2264) in font [Inconsolatazi4-Regular.otf]
:mode=node;script=latn;language=dflt;+ss01;+ss03;!
Missing character: There is no ≤ (U+2264) in font [Inconsolatazi4-Regular.otf]
:mode=node;script=latn;language=dflt;+ss01;+ss03;!
Missing character: There is no ≤ (U+2264) in font [Inconsolatazi4-Regular.otf]
:mode=node;script=latn;language=dflt;+ss01;+ss03;!
Missing character: There is no ≤ (U+2264) in font [Inconsolatazi4-Regular.otf]
:mode=node;script=latn;language=dflt;+ss01;+ss03;!
Missing character: There is no ≤ (U+2264) in font [Inconsolatazi4-Regular.otf]
:mode=node;script=latn;language=dflt;+ss01;+ss03;!
Missing character: There is no ≤ (U+2264) in font [Inconsolatazi4-Regular.otf]
:mode=node;script=latn;language=dflt;+ss01;+ss03;!
Missing character: There is no ≤ (U+2264) in font [Inconsolatazi4-Regular.otf]
:mode=node;script=latn;language=dflt;+ss01;+ss03;!
Missing character: There is no ≤ (U+2264) in font [Inconsolatazi4-Regular.otf]
:mode=node;script=latn;language=dflt;+ss01;+ss03;!
]
\openout7 = main.listing
 (./main.listing)
\openout7 = main.listing
 (./main.listing)
************************************************
Subsection 5.5.3 Does the 3-queens problem have a solution?
************************************************



Overfull \hbox (58.1334pt too wide) has occurred while \output is active
\TU/lmr/m/sl/10 CHAP-TER 5. SOLV-ING LIN-EAR OP-TI-MIZA-TION PROB-LEMS US-ING SO
FT-WARE \TU/lmr/m/n/10 127
 []

[127]
\openout7 = main.listing
 (./main.listing
Missing character: There is no ≤ (U+2264) in font [Inconsolatazi4-Regular.otf]
:mode=node;script=latn;language=dflt;+ss01;+ss03;!
Missing character: There is no ≤ (U+2264) in font [Inconsolatazi4-Regular.otf]
:mode=node;script=latn;language=dflt;+ss01;+ss03;!
Missing character: There is no ≤ (U+2264) in font [Inconsolatazi4-Regular.otf]
:mode=node;script=latn;language=dflt;+ss01;+ss03;!
Missing character: There is no ≤ (U+2264) in font [Inconsolatazi4-Regular.otf]
:mode=node;script=latn;language=dflt;+ss01;+ss03;!
Missing character: There is no ≤ (U+2264) in font [Inconsolatazi4-Regular.otf]
:mode=node;script=latn;language=dflt;+ss01;+ss03;!
Missing character: There is no ≤ (U+2264) in font [Inconsolatazi4-Regular.otf]
:mode=node;script=latn;language=dflt;+ss01;+ss03;!
Missing character: There is no ≤ (U+2264) in font [Inconsolatazi4-Regular.otf]
:mode=node;script=latn;language=dflt;+ss01;+ss03;!
Missing character: There is no ≤ (U+2264) in font [Inconsolatazi4-Regular.otf]
:mode=node;script=latn;language=dflt;+ss01;+ss03;!
Missing character: There is no ≤ (U+2264) in font [Inconsolatazi4-Regular.otf]
:mode=node;script=latn;language=dflt;+ss01;+ss03;!
Missing character: There is no ≤ (U+2264) in font [Inconsolatazi4-Regular.otf]
:mode=node;script=latn;language=dflt;+ss01;+ss03;!
Missing character: There is no ≤ (U+2264) in font [Inconsolatazi4-Regular.otf]
:mode=node;script=latn;language=dflt;+ss01;+ss03;!
Missing character: There is no ≤ (U+2264) in font [Inconsolatazi4-Regular.otf]
:mode=node;script=latn;language=dflt;+ss01;+ss03;!
Missing character: There is no ≤ (U+2264) in font [Inconsolatazi4-Regular.otf]
:mode=node;script=latn;language=dflt;+ss01;+ss03;!
Missing character: There is no ≤ (U+2264) in font [Inconsolatazi4-Regular.otf]
:mode=node;script=latn;language=dflt;+ss01;+ss03;!
Missing character: There is no ≤ (U+2264) in font [Inconsolatazi4-Regular.otf]
:mode=node;script=latn;language=dflt;+ss01;+ss03;!
Missing character: There is no ≤ (U+2264) in font [Inconsolatazi4-Regular.otf]
:mode=node;script=latn;language=dflt;+ss01;+ss03;!
)
Missing character: There is no ≤ (U+2264) in font [Inconsolatazi4-Regular.otf]
:mode=node;script=latn;language=dflt;+ss01;+ss03;!
Missing character: There is no ≤ (U+2264) in font [Inconsolatazi4-Regular.otf]
:mode=node;script=latn;language=dflt;+ss01;+ss03;!
Missing character: There is no ≤ (U+2264) in font [Inconsolatazi4-Regular.otf]
:mode=node;script=latn;language=dflt;+ss01;+ss03;!
Missing character: There is no ≤ (U+2264) in font [Inconsolatazi4-Regular.otf]
:mode=node;script=latn;language=dflt;+ss01;+ss03;!
Missing character: There is no ≤ (U+2264) in font [Inconsolatazi4-Regular.otf]
:mode=node;script=latn;language=dflt;+ss01;+ss03;!
Missing character: There is no ≤ (U+2264) in font [Inconsolatazi4-Regular.otf]
:mode=node;script=latn;language=dflt;+ss01;+ss03;!
Missing character: There is no ≤ (U+2264) in font [Inconsolatazi4-Regular.otf]
:mode=node;script=latn;language=dflt;+ss01;+ss03;!
Missing character: There is no ≤ (U+2264) in font [Inconsolatazi4-Regular.otf]
:mode=node;script=latn;language=dflt;+ss01;+ss03;!
Missing character: There is no ≤ (U+2264) in font [Inconsolatazi4-Regular.otf]
:mode=node;script=latn;language=dflt;+ss01;+ss03;!
Missing character: There is no ≤ (U+2264) in font [Inconsolatazi4-Regular.otf]
:mode=node;script=latn;language=dflt;+ss01;+ss03;!
Missing character: There is no ≤ (U+2264) in font [Inconsolatazi4-Regular.otf]
:mode=node;script=latn;language=dflt;+ss01;+ss03;!
Missing character: There is no ≤ (U+2264) in font [Inconsolatazi4-Regular.otf]
:mode=node;script=latn;language=dflt;+ss01;+ss03;!

\openout7 = main.listing
(./main.listing)
\openout7 = main.listing
 (./main.listing)


Overfull \hbox (58.1334pt too wide) has occurred while \output is active
\TU/lmr/m/sl/10 CHAP-TER 5. SOLV-ING LIN-EAR OP-TI-MIZA-TION PROB-LEMS US-ING SO
FT-WARE \TU/lmr/m/n/10 128
 []

[128
Missing character: There is no ≤ (U+2264) in font [Inconsolatazi4-Regular.otf]
:mode=node;script=latn;language=dflt;+ss01;+ss03;!
Missing character: There is no ≤ (U+2264) in font [Inconsolatazi4-Regular.otf]
:mode=node;script=latn;language=dflt;+ss01;+ss03;!
Missing character: There is no ≤ (U+2264) in font [Inconsolatazi4-Regular.otf]
:mode=node;script=latn;language=dflt;+ss01;+ss03;!
Missing character: There is no ≤ (U+2264) in font [Inconsolatazi4-Regular.otf]
:mode=node;script=latn;language=dflt;+ss01;+ss03;!
Missing character: There is no ≤ (U+2264) in font [Inconsolatazi4-Regular.otf]
:mode=node;script=latn;language=dflt;+ss01;+ss03;!
Missing character: There is no ≤ (U+2264) in font [Inconsolatazi4-Regular.otf]
:mode=node;script=latn;language=dflt;+ss01;+ss03;!
Missing character: There is no ≤ (U+2264) in font [Inconsolatazi4-Regular.otf]
:mode=node;script=latn;language=dflt;+ss01;+ss03;!
Missing character: There is no ≤ (U+2264) in font [Inconsolatazi4-Regular.otf]
:mode=node;script=latn;language=dflt;+ss01;+ss03;!
Missing character: There is no ≤ (U+2264) in font [Inconsolatazi4-Regular.otf]
:mode=node;script=latn;language=dflt;+ss01;+ss03;!
Missing character: There is no ≤ (U+2264) in font [Inconsolatazi4-Regular.otf]
:mode=node;script=latn;language=dflt;+ss01;+ss03;!
Missing character: There is no ≤ (U+2264) in font [Inconsolatazi4-Regular.otf]
:mode=node;script=latn;language=dflt;+ss01;+ss03;!
Missing character: There is no ≤ (U+2264) in font [Inconsolatazi4-Regular.otf]
:mode=node;script=latn;language=dflt;+ss01;+ss03;!
Missing character: There is no ≤ (U+2264) in font [Inconsolatazi4-Regular.otf]
:mode=node;script=latn;language=dflt;+ss01;+ss03;!
Missing character: There is no ≤ (U+2264) in font [Inconsolatazi4-Regular.otf]
:mode=node;script=latn;language=dflt;+ss01;+ss03;!
Missing character: There is no ≤ (U+2264) in font [Inconsolatazi4-Regular.otf]
:mode=node;script=latn;language=dflt;+ss01;+ss03;!
Missing character: There is no ≤ (U+2264) in font [Inconsolatazi4-Regular.otf]
:mode=node;script=latn;language=dflt;+ss01;+ss03;!
Missing character: There is no ≤ (U+2264) in font [Inconsolatazi4-Regular.otf]
:mode=node;script=latn;language=dflt;+ss01;+ss03;!
Missing character: There is no ≤ (U+2264) in font [Inconsolatazi4-Regular.otf]
:mode=node;script=latn;language=dflt;+ss01;+ss03;!
Missing character: There is no ≤ (U+2264) in font [Inconsolatazi4-Regular.otf]
:mode=node;script=latn;language=dflt;+ss01;+ss03;!
Missing character: There is no ≤ (U+2264) in font [Inconsolatazi4-Regular.otf]
:mode=node;script=latn;language=dflt;+ss01;+ss03;!
]
************************************************
Chapter 6 Dual Problems
************************************************



Overfull \hbox (58.1334pt too wide) has occurred while \output is active
\TU/lmr/m/sl/10 CHAP-TER 5. SOLV-ING LIN-EAR OP-TI-MIZA-TION PROB-LEMS US-ING SO
FT-WARE \TU/lmr/m/n/10 129
 []

[129]
Chapter 6.
************************************************
Section 6.1 Introduction to Dual Problems
************************************************
************************************************
Subsection 6.1.1 Developing a Dual Problem
************************************************


[130

]

[131]
************************************************
Subsection 6.1.2 Generalizing the Dual
************************************************


[132]

[133]
************************************************
Subsection 6.1.3 Weak Primal-Dual Theorem
************************************************


[134]
************************************************
Section 6.2 Primal-Dual Relationships
************************************************


[135]

[136]

[137]
************************************************
Section 6.3 Finding Optimal Certificates
************************************************


[138]

[139]
************************************************
Chapter 7 General Linear Optimization Problems
************************************************


[140]
Chapter 7.

Overfull \hbox (0.31026pt too wide) in paragraph at lines 8304--8304
|\TU/lmr/bx/n/24.88 Gen-eral Lin-ear Op-ti-miza-tion
 []

************************************************
Section 7.1 General Form of an LOP
************************************************
************************************************
Subsection 7.1.1 Writing a General LOP in Standard Form
************************************************


[141

]

[142]
************************************************
Subsection 7.1.2 Adapting the Simplex Method to Equality Constraints and Free V
ariables
************************************************

Overfull \hbox (1.84427pt too wide) in paragraph at lines 8431--8431
|[]\TU/lmr/bx/n/12 Adapt-ing the Sim-plex Method to Equal-ity Con-straints
 []



[143]
************************************************
Subsection 7.1.3 Simplex Method: Phase 0
************************************************


[144]

[145]

[146]
************************************************
Subsection 7.1.4 Geometry of Phase 0
************************************************


[147]
************************************************
Section 7.2 Solving General Linear Optimization Problems
************************************************


[148]

[149]

LaTeX Font Warning: Command \small invalid in math mode on input line 8726.


LaTeX Font Warning: Command \small invalid in math mode on input line 8726.


LaTeX Font Warning: Command \small invalid in math mode on input line 8726.


LaTeX Font Warning: Command \small invalid in math mode on input line 8726.


LaTeX Font Warning: Command \small invalid in math mode on input line 8735.


LaTeX Font Warning: Command \small invalid in math mode on input line 8735.


LaTeX Font Warning: Command \small invalid in math mode on input line 8735.


LaTeX Font Warning: Command \small invalid in math mode on input line 8735.


LaTeX Font Warning: Command \small invalid in math mode on input line 8742.


LaTeX Font Warning: Command \small invalid in math mode on input line 8742.


LaTeX Font Warning: Command \small invalid in math mode on input line 8742.


LaTeX Font Warning: Command \small invalid in math mode on input line 8742.



[150]

[151]

[152]

Package tcolorbox Warning: The upper box part has become overfull on input line
 8881.



[153]
************************************************
Section 7.3 General Dual Problems
************************************************
************************************************
Section 7.4 General Applied Problems
************************************************
************************************************
Subsection 7.4.1 Traveling Salesperson
************************************************


[154

]
Overfull \hbox (11.51154pt too wide) detected at line 8996
\OMS/cmsy/m/n/10 ; 7! \OT1/cmr/m/n/10 1  []
 []


Overfull \hbox (6.51152pt too wide) detected at line 9002
\OMS/cmsy/m/n/10 ; 7! \OT1/cmr/m/n/10 2  []
 []



[155]

[156]
************************************************
Subsection 7.4.2 Minimizing Piecewise Linear Functions
************************************************


[157]

LaTeX Font Warning: Command \small invalid in math mode on input line 9112.


LaTeX Font Warning: Command \small invalid in math mode on input line 9112.


LaTeX Font Warning: Command \small invalid in math mode on input line 9120.


LaTeX Font Warning: Command \small invalid in math mode on input line 9120.


LaTeX Font Warning: Command \small invalid in math mode on input line 9126.


LaTeX Font Warning: Command \small invalid in math mode on input line 9126.


LaTeX Font Warning: Command \small invalid in math mode on input line 9177.


LaTeX Font Warning: Command \small invalid in math mode on input line 9177.


LaTeX Font Warning: Command \small invalid in math mode on input line 9194.


LaTeX Font Warning: Command \small invalid in math mode on input line 9194.


LaTeX Font Warning: Command \small invalid in math mode on input line 9207.


LaTeX Font Warning: Command \small invalid in math mode on input line 9207.



[158]
************************************************
Subsection 7.4.3 Best-Fit Lines
************************************************


[159]

LaTeX Font Warning: Command \small invalid in math mode on input line 9321.


LaTeX Font Warning: Command \small invalid in math mode on input line 9343.


LaTeX Font Warning: Command \small invalid in math mode on input line 9362.


LaTeX Font Warning: Command \small invalid in math mode on input line 9382.



[160]

[161]
************************************************
Chapter 8 Matrix Formulation of Linear Optimization Problems
************************************************


[162]
Chapter 8.
************************************************
Section 8.1 Writing a LOP in Matrix Form
************************************************


[163

]
************************************************
Subsection 8.1.1 The Matrix Simplex Method
************************************************



Overfull \hbox (56.1734pt too wide) has occurred while \output is active
\TU/lmr/m/sl/10 CHAP-TER 8. MA-TRIX FOR-MU-LA-TION OF LIN-EAR OP-TI-MIZA-TION PR
OB-LEMS \TU/lmr/m/n/10 164
 []

[164]


Overfull \hbox (56.1734pt too wide) has occurred while \output is active
\TU/lmr/m/sl/10 CHAP-TER 8. MA-TRIX FOR-MU-LA-TION OF LIN-EAR OP-TI-MIZA-TION PR
OB-LEMS \TU/lmr/m/n/10 165
 []

[165]


Overfull \hbox (56.1734pt too wide) has occurred while \output is active
\TU/lmr/m/sl/10 CHAP-TER 8. MA-TRIX FOR-MU-LA-TION OF LIN-EAR OP-TI-MIZA-TION PR
OB-LEMS \TU/lmr/m/n/10 166
 []

[166]
************************************************
Subsection 8.1.2 Comparison to the Tableau
************************************************



Overfull \hbox (56.1734pt too wide) has occurred while \output is active
\TU/lmr/m/sl/10 CHAP-TER 8. MA-TRIX FOR-MU-LA-TION OF LIN-EAR OP-TI-MIZA-TION PR
OB-LEMS \TU/lmr/m/n/10 167
 []

[167]
************************************************
Section 8.2 Performing LOP Matrix Operations using Software
************************************************
************************************************
Subsection 8.2.1 Perform the Matrix Operations to Solve LOP problems in WebCAS
************************************************

LaTeX Warning: File `external/images/matrix-ops-01.png' not found on input line
 9809.


! Package luatex.def Error: File `external/images/matrix-ops-01.png' not found:
 using draft setting.

See the luatex.def package documentation for explanation.
Type  H <return>  for immediate help.
 ...                                              
                                                  
l.9809 ...idth]{external/images/matrix-ops-01.png}
                                                  
? s
OK, entering \scrollmode...



Overfull \hbox (56.1734pt too wide) has occurred while \output is active
\TU/lmr/m/sl/10 CHAP-TER 8. MA-TRIX FOR-MU-LA-TION OF LIN-EAR OP-TI-MIZA-TION PR
OB-LEMS \TU/lmr/m/n/10 168
 []

[168]

LaTeX Warning: File `external/images/matrix-ops-02.png' not found on input line
 9818.


! Package luatex.def Error: File `external/images/matrix-ops-02.png' not found:
 using draft setting.

See the luatex.def package documentation for explanation.
Type  H <return>  for immediate help.
 ...                                              
                                                  
l.9818 ...idth]{external/images/matrix-ops-02.png}
                                                  
Try typing  <return>  to proceed.
If that doesn't work, type  X <return>  to quit.


LaTeX Warning: File `external/images/matrix-ops-03.png' not found on input line
 9825.


! Package luatex.def Error: File `external/images/matrix-ops-03.png' not found:
 using draft setting.

See the luatex.def package documentation for explanation.
Type  H <return>  for immediate help.
 ...                                              
                                                  
l.9825 ...idth]{external/images/matrix-ops-03.png}
                                                  
Try typing  <return>  to proceed.
If that doesn't work, type  X <return>  to quit.




Overfull \hbox (56.1734pt too wide) has occurred while \output is active
\TU/lmr/m/sl/10 CHAP-TER 8. MA-TRIX FOR-MU-LA-TION OF LIN-EAR OP-TI-MIZA-TION PR
OB-LEMS \TU/lmr/m/n/10 169
 []

[169]

LaTeX Warning: File `external/images/matrix-ops-04.png' not found on input line
 9834.


! Package luatex.def Error: File `external/images/matrix-ops-04.png' not found:
 using draft setting.

See the luatex.def package documentation for explanation.
Type  H <return>  for immediate help.
 ...                                              
                                                  
l.9834 ...idth]{external/images/matrix-ops-04.png}
                                                  
Try typing  <return>  to proceed.
If that doesn't work, type  X <return>  to quit.


LaTeX Warning: File `external/images/matrix-ops-05.png' not found on input line
 9843.


! Package luatex.def Error: File `external/images/matrix-ops-05.png' not found:
 using draft setting.

See the luatex.def package documentation for explanation.
Type  H <return>  for immediate help.
 ...                                              
                                                  
l.9843 ...idth]{external/images/matrix-ops-05.png}
                                                  
Try typing  <return>  to proceed.
If that doesn't work, type  X <return>  to quit.




Overfull \hbox (56.1734pt too wide) has occurred while \output is active
\TU/lmr/m/sl/10 CHAP-TER 8. MA-TRIX FOR-MU-LA-TION OF LIN-EAR OP-TI-MIZA-TION PR
OB-LEMS \TU/lmr/m/n/10 170
 []

[170]


Overfull \hbox (56.1734pt too wide) has occurred while \output is active
\TU/lmr/m/sl/10 CHAP-TER 8. MA-TRIX FOR-MU-LA-TION OF LIN-EAR OP-TI-MIZA-TION PR
OB-LEMS \TU/lmr/m/n/10 171
 []

[171]
************************************************
Subsection 8.2.2 Using Julia to perform Matrix Operations in solving LOP proble
ms.
************************************************

\openout7 = main.listing
(./main.listing)
\openout7 = main.listing
 (./main.listing
Missing character: There is no β (U+03B2) in font [Inconsolatazi4-Regular.otf]:
mode=node;script=latn;language=dflt;+ss01;+ss03;!
Missing character: There is no β (U+03B2) in font [Inconsolatazi4-Regular.otf]:
mode=node;script=latn;language=dflt;+ss01;+ss03;!
Missing character: There is no π (U+03C0) in font [Inconsolatazi4-Regular.otf]:
mode=node;script=latn;language=dflt;+ss01;+ss03;!
Missing character: There is no π (U+03C0) in font [Inconsolatazi4-Regular.otf]:
mode=node;script=latn;language=dflt;+ss01;+ss03;!
)
\openout7 = main.listing
 (./main.listing
Missing character: There is no β (U+03B2) in font [Inconsolatazi4-Regular.otf]:
mode=node;script=latn;language=dflt;+ss01;+ss03;!
Missing character: There is no Π (U+03A0) in font [Inconsolatazi4-Regular.otf]:
mode=node;script=latn;language=dflt;+ss01;+ss03;!
Missing character: There is no β (U+03B2) in font [Inconsolatazi4-Regular.otf]:
mode=node;script=latn;language=dflt;+ss01;+ss03;!
Missing character: There is no Π (U+03A0) in font [Inconsolatazi4-Regular.otf]:
mode=node;script=latn;language=dflt;+ss01;+ss03;!
)
Missing character: There is no π (U+03C0) in font [Inconsolatazi4-Regular.otf]:
mode=node;script=latn;language=dflt;+ss01;+ss03;!
Missing character: There is no π (U+03C0) in font [Inconsolatazi4-Regular.otf]:
mode=node;script=latn;language=dflt;+ss01;+ss03;!
Missing character: There is no Π (U+03A0) in font [Inconsolatazi4-Regular.otf]:
mode=node;script=latn;language=dflt;+ss01;+ss03;!
Missing character: There is no Π (U+03A0) in font [Inconsolatazi4-Regular.otf]:
mode=node;script=latn;language=dflt;+ss01;+ss03;!
Missing character: There is no Π (U+03A0) in font [Inconsolatazi4-Regular.otf]:
mode=node;script=latn;language=dflt;+ss01;+ss03;!

\openout7 = main.listing
(./main.listing)


Overfull \hbox (56.1734pt too wide) has occurred while \output is active
\TU/lmr/m/sl/10 CHAP-TER 8. MA-TRIX FOR-MU-LA-TION OF LIN-EAR OP-TI-MIZA-TION PR
OB-LEMS \TU/lmr/m/n/10 172
 []

[172
Missing character: There is no β (U+03B2) in font [Inconsolatazi4-Regular.otf]:
mode=node;script=latn;language=dflt;+ss01;+ss03;!
Missing character: There is no π (U+03C0) in font [Inconsolatazi4-Regular.otf]:
mode=node;script=latn;language=dflt;+ss01;+ss03;!
Missing character: There is no Π (U+03A0) in font [Inconsolatazi4-Regular.otf]:
mode=node;script=latn;language=dflt;+ss01;+ss03;!
Missing character: There is no β (U+03B2) in font [Inconsolatazi4-Regular.otf]:
mode=node;script=latn;language=dflt;+ss01;+ss03;!
Missing character: There is no Π (U+03A0) in font [Inconsolatazi4-Regular.otf]:
mode=node;script=latn;language=dflt;+ss01;+ss03;!
Missing character: There is no π (U+03C0) in font [Inconsolatazi4-Regular.otf]:
mode=node;script=latn;language=dflt;+ss01;+ss03;!
]
Missing character: There is no β (U+03B2) in font [Inconsolatazi4-Regular.otf]:
mode=node;script=latn;language=dflt;+ss01;+ss03;!
Missing character: There is no β (U+03B2) in font [Inconsolatazi4-Regular.otf]:
mode=node;script=latn;language=dflt;+ss01;+ss03;!
Missing character: There is no Π (U+03A0) in font [Inconsolatazi4-Regular.otf]:
mode=node;script=latn;language=dflt;+ss01;+ss03;!
Missing character: There is no Π (U+03A0) in font [Inconsolatazi4-Regular.otf]:
mode=node;script=latn;language=dflt;+ss01;+ss03;!
Missing character: There is no β (U+03B2) in font [Inconsolatazi4-Regular.otf]:
mode=node;script=latn;language=dflt;+ss01;+ss03;!
Missing character: There is no β (U+03B2) in font [Inconsolatazi4-Regular.otf]:
mode=node;script=latn;language=dflt;+ss01;+ss03;!
Missing character: There is no β (U+03B2) in font [Inconsolatazi4-Regular.otf]:
mode=node;script=latn;language=dflt;+ss01;+ss03;!
Missing character: There is no β (U+03B2) in font [Inconsolatazi4-Regular.otf]:
mode=node;script=latn;language=dflt;+ss01;+ss03;!
Missing character: There is no Π (U+03A0) in font [Inconsolatazi4-Regular.otf]:
mode=node;script=latn;language=dflt;+ss01;+ss03;!
Missing character: There is no π (U+03C0) in font [Inconsolatazi4-Regular.otf]:
mode=node;script=latn;language=dflt;+ss01;+ss03;!
Missing character: There is no β (U+03B2) in font [Inconsolatazi4-Regular.otf]:
mode=node;script=latn;language=dflt;+ss01;+ss03;!
Missing character: There is no Π (U+03A0) in font [Inconsolatazi4-Regular.otf]:
mode=node;script=latn;language=dflt;+ss01;+ss03;!
Missing character: There is no π (U+03C0) in font [Inconsolatazi4-Regular.otf]:
mode=node;script=latn;language=dflt;+ss01;+ss03;!
************************************************
Section 8.3 Performing the Matrix Simplex Method
************************************************



Overfull \hbox (56.1734pt too wide) has occurred while \output is active
\TU/lmr/m/sl/10 CHAP-TER 8. MA-TRIX FOR-MU-LA-TION OF LIN-EAR OP-TI-MIZA-TION PR
OB-LEMS \TU/lmr/m/n/10 173
 []

[173
Missing character: There is no β (U+03B2) in font [Inconsolatazi4-Regular.otf]:
mode=node;script=latn;language=dflt;+ss01;+ss03;!
Missing character: There is no Π (U+03A0) in font [Inconsolatazi4-Regular.otf]:
mode=node;script=latn;language=dflt;+ss01;+ss03;!
Missing character: There is no β (U+03B2) in font [Inconsolatazi4-Regular.otf]:
mode=node;script=latn;language=dflt;+ss01;+ss03;!
Missing character: There is no β (U+03B2) in font [Inconsolatazi4-Regular.otf]:
mode=node;script=latn;language=dflt;+ss01;+ss03;!
Missing character: There is no Π (U+03A0) in font [Inconsolatazi4-Regular.otf]:
mode=node;script=latn;language=dflt;+ss01;+ss03;!
Missing character: There is no π (U+03C0) in font [Inconsolatazi4-Regular.otf]:
mode=node;script=latn;language=dflt;+ss01;+ss03;!
]


Overfull \hbox (56.1734pt too wide) has occurred while \output is active
\TU/lmr/m/sl/10 CHAP-TER 8. MA-TRIX FOR-MU-LA-TION OF LIN-EAR OP-TI-MIZA-TION PR
OB-LEMS \TU/lmr/m/n/10 174
 []

[174]


Overfull \hbox (56.1734pt too wide) has occurred while \output is active
\TU/lmr/m/sl/10 CHAP-TER 8. MA-TRIX FOR-MU-LA-TION OF LIN-EAR OP-TI-MIZA-TION PR
OB-LEMS \TU/lmr/m/n/10 175
 []

[175]


Overfull \hbox (56.1734pt too wide) has occurred while \output is active
\TU/lmr/m/sl/10 CHAP-TER 8. MA-TRIX FOR-MU-LA-TION OF LIN-EAR OP-TI-MIZA-TION PR
OB-LEMS \TU/lmr/m/n/10 176
 []

[176]
************************************************
Subsection 8.3.1 The Matrix Simplex Method
************************************************



Overfull \hbox (56.1734pt too wide) has occurred while \output is active
\TU/lmr/m/sl/10 CHAP-TER 8. MA-TRIX FOR-MU-LA-TION OF LIN-EAR OP-TI-MIZA-TION PR
OB-LEMS \TU/lmr/m/n/10 177
 []

[177]
************************************************
Appendix A 
************************************************
Appendix A.
************************************************
Chapter A.9 Installing Julia
************************************************


[178


]
Appendix B.
************************************************
Chapter A.10 Managing Packages in Julia
************************************************


[179

]
Appendix C.


[180

]

[181



] (./main.aux)
 ***********
LaTeX2e <2025-06-01> patch level 1
L3 programming layer <2025-08-13>
 ***********


LaTeX Font Warning: Some font shapes were not available, defaults substituted.

Package rerunfilecheck Info: File `main.out' has not changed.
(rerunfilecheck)             Checksum: 054DEEAF9FA0D9742B076B4F5D7D2244;8985.
)

Here is how much of LuaTeX's memory you used:
 53733 strings out of 470117
 477787,2373549 words of node,token memory allocated
 3595 words of node memory still in use:
   24 hlist, 2 vlist, 10 rule, 1 local_par, 30 glue, 4 kern, 1 penalty, 5 glyph,
 610 attribute, 71 glue_spec, 610 attribute_list, 2 write, 16 pdf_literal, 3 pdf
_action, 16 pdf_colorstack nodes
   avail lists: 1:7,2:28843,3:20280,4:682,5:4627,6:126,7:22963,8:71,9:10470,10:1
9,11:487
 79167 multiletter control sequences out of 65536+600000
 111 fonts using 8365879 bytes
 98i,23n,99p,1844b,2735s stack positions out of 10000i,1000n,20000p,200000b,200000s
</usr/local/texlive/2025/texmf-dist/fonts/opentype/public/lm/lmroman9-regular.ot
f>{/usr/local/texlive/2025/texmf-dist/fonts/enc/dvips/cm-super/cm-super-ts1.enc}
</usr/local/texlive/2025/texmf-dist/fonts/opentype/public/lm/lmroman8-italic.otf
></usr/local/texlive/2025/texmf-dist/fonts/opentype/public/inconsolata/Inconsola
tazi4-Regular.otf></usr/local/texlive/2025/texmf-dist/fonts/opentype/public/lm/l
mroman10-italic.otf></usr/local/texlive/2025/texmf-dist/fonts/opentype/public/lm
/lmroman10-bolditalic.otf></usr/local/texlive/2025/texmf-dist/fonts/opentype/pub
lic/lm/lmroman8-regular.otf></usr/local/texlive/2025/texmf-dist/fonts/opentype/p
ublic/lm/lmroman6-regular.otf></usr/local/texlive/2025/texmf-dist/fonts/opentype
/public/lm/lmroman7-regular.otf></usr/local/texlive/2025/texmf-dist/fonts/openty
pe/public/lm/lmromanslant10-regular.otf></usr/local/texlive/2025/texmf-dist/font
s/opentype/public/lm/lmroman12-bold.otf></usr/local/texlive/2025/texmf-dist/font
s/opentype/public/lm/lmroman10-regular.otf></usr/local/texlive/2025/texmf-dist/f
onts/opentype/public/lm/lmroman10-bold.otf></usr/local/texlive/2025/texmf-dist/f
onts/opentype/public/lm/lmroman12-regular.otf></usr/local/texlive/2025/texmf-dis
t/fonts/opentype/public/lm/lmroman17-regular.otf></usr/local/texlive/2025/texmf-
dist/fonts/type1/public/skaknew/SkakNew-Figurine.pfb></usr/local/texlive/2025/te
xmf-dist/fonts/type1/public/amsfonts/cm/cmbx10.pfb></usr/local/texlive/2025/texm
f-dist/fonts/type1/public/amsfonts/cm/cmex10.pfb></usr/local/texlive/2025/texmf-
dist/fonts/type1/public/amsfonts/cm/cmmi10.pfb></usr/local/texlive/2025/texmf-di
st/fonts/type1/public/amsfonts/cm/cmmi12.pfb></usr/local/texlive/2025/texmf-dist
/fonts/type1/public/amsfonts/cm/cmmi7.pfb></usr/local/texlive/2025/texmf-dist/fo
nts/type1/public/amsfonts/cm/cmmi8.pfb></usr/local/texlive/2025/texmf-dist/fonts
/type1/public/amsfonts/cm/cmmib10.pfb></usr/local/texlive/2025/texmf-dist/fonts/
type1/public/amsfonts/cm/cmr10.pfb></usr/local/texlive/2025/texmf-dist/fonts/typ
e1/public/amsfonts/cm/cmr6.pfb></usr/local/texlive/2025/texmf-dist/fonts/type1/p
ublic/amsfonts/cm/cmr7.pfb></usr/local/texlive/2025/texmf-dist/fonts/type1/publi
c/amsfonts/cm/cmr8.pfb></usr/local/texlive/2025/texmf-dist/fonts/type1/public/am
sfonts/cm/cmr9.pfb></usr/local/texlive/2025/texmf-dist/fonts/type1/public/amsfon
ts/cm/cmsy10.pfb></usr/local/texlive/2025/texmf-dist/fonts/type1/public/amsfonts
/cm/cmsy7.pfb></usr/local/texlive/2025/texmf-dist/fonts/type1/public/amsfonts/cm
/cmsy8.pfb></usr/local/texlive/2025/texmf-dist/fonts/type1/public/amsfonts/cm/cm
sy9.pfb></usr/local/texlive/2025/texmf-dist/fonts/type1/public/amsfonts/symbols/
msam10.pfb></usr/local/texlive/2025/texmf-dist/fonts/type1/public/amsfonts/symbo
ls/msam7.pfb></usr/local/texlive/2025/texmf-dist/fonts/type1/public/amsfonts/sym
bols/msbm10.pfb></usr/local/texlive/2025/texmf-dist/fonts/type1/public/cm-super/
sfrm1000.pfb>
Output written on main.pdf (187 pages, 6862857 bytes).

PDF statistics: 3174 PDF objects out of 3580 (max. 8388607)
 2790 compressed objects within 28 object streams
 1262 named destinations out of 1440 (max. 131072)
 548 words of extra memory for PDF output out of 10000 (max. 100000000)

